{"textures":{"0":"modelengine:entity/piter_0","1":"modelengine:entity/piter_1"},"elements":[{"name":"l_leg","from":[6.8,4.3999996,7.4],"to":[8.0,8.6,8.6],"rotation":{"angle":22.5,"axis":"x","origin":[8.0,8.6,8.0]},"faces":{"down":{"uv":[3.0,10.0,5.0,12.0],"rotation":0,"texture":"#0","tintindex":0},"east":{"uv":[3.0,10.0,5.0,12.0],"rotation":0,"texture":"#0","tintindex":0},"north":{"uv":[3.0,10.0,5.0,12.0],"rotation":0,"texture":"#0","tintindex":0},"south":{"uv":[3.0,10.0,5.0,12.0],"rotation":0,"texture":"#0","tintindex":0},"up":{"uv":[3.0,10.0,5.0,12.0],"rotation":0,"texture":"#0","tintindex":0},"west":{"uv":[3.0,10.0,5.0,12.0],"rotation":0,"texture":"#0","tintindex":0}}}],"display":{"head":{"translation":[0.0,-6.4,0.0],"rotation":[0.0,0.0,0.0],"scale":[3.8095,3.8095,3.8095]}}}