{"textures":{"0":"modelengine:entity/piter_0","1":"modelengine:entity/piter_1"},"elements":[{"name":"cube","from":[5.0,8.0,5.0],"to":[11.0,14.0,11.0],"rotation":{"angle":0.0,"axis":"x","origin":[8.0,8.0,8.0]},"faces":{"down":{"uv":[0.0,6.0,3.0,10.0],"rotation":0,"texture":"#0","tintindex":0},"east":{"uv":[0.0,5.0,4.0,15.0],"rotation":0,"texture":"#0","tintindex":0},"north":{"uv":[4.0,5.0,13.0,14.0],"rotation":0,"texture":"#0","tintindex":0},"south":{"uv":[0.0,0.0,1.0,1.0],"rotation":0,"texture":"#0","tintindex":0},"up":{"uv":[4.0,0.0,6.0,3.0],"rotation":0,"texture":"#0","tintindex":0},"west":{"uv":[12.0,5.0,16.0,15.0],"rotation":0,"texture":"#0","tintindex":0}}},{"name":"cube","from":[4.3999996,13.1,4.3999996],"to":[11.6,13.7,11.6],"rotation":{"angle":0.0,"axis":"x","origin":[9.8,17.900002,9.2]},"faces":{"down":{"uv":[0.0,0.0,12.0,12.0],"rotation":0,"texture":"#1","tintindex":0},"east":{"uv":[0.0,0.0,12.0,1.0],"rotation":0,"texture":"#1","tintindex":0},"north":{"uv":[0.0,0.0,12.0,1.0],"rotation":0,"texture":"#1","tintindex":0},"south":{"uv":[0.0,0.0,12.0,1.0],"rotation":0,"texture":"#1","tintindex":0},"up":{"uv":[0.0,0.0,12.0,12.0],"rotation":0,"texture":"#1","tintindex":0},"west":{"uv":[0.0,0.0,12.0,1.0],"rotation":0,"texture":"#1","tintindex":0}}},{"name":"cube","from":[4.31,12.71,5.5099998],"to":[5.09,13.49,6.8900003],"rotation":{"angle":0.0,"axis":"x","origin":[9.2,17.6,10.4]},"faces":{"down":{"uv":[0.0,0.0,1.0,2.0],"rotation":0,"texture":"#1","tintindex":0},"east":{"uv":[0.0,0.0,2.0,1.0],"rotation":0,"texture":"#1","tintindex":0},"north":{"uv":[0.0,0.0,1.0,1.0],"rotation":0,"texture":"#1","tintindex":0},"south":{"uv":[0.0,0.0,1.0,1.0],"rotation":0,"texture":"#1","tintindex":0},"up":{"uv":[0.0,0.0,1.0,2.0],"rotation":0,"texture":"#1","tintindex":0},"west":{"uv":[0.0,0.0,2.0,1.0],"rotation":0,"texture":"#1","tintindex":0}}},{"name":"cube","from":[4.3999996,6.8,5.6],"to":[5.0,13.400001,6.8],"rotation":{"angle":0.0,"axis":"x","origin":[9.2,17.6,10.4]},"faces":{"down":{"uv":[0.0,0.0,1.0,2.0],"rotation":0,"texture":"#1","tintindex":0},"east":{"uv":[0.0,0.0,2.0,11.0],"rotation":0,"texture":"#1","tintindex":0},"north":{"uv":[0.0,0.0,1.0,11.0],"rotation":0,"texture":"#1","tintindex":0},"south":{"uv":[0.0,0.0,1.0,11.0],"rotation":0,"texture":"#1","tintindex":0},"up":{"uv":[0.0,0.0,1.0,2.0],"rotation":0,"texture":"#1","tintindex":0},"west":{"uv":[0.0,0.0,2.0,11.0],"rotation":0,"texture":"#1","tintindex":0}}},{"name":"cube","from":[4.3999996,5.8999996,5.54],"to":[5.0,7.1,6.14],"rotation":{"angle":-22.5,"axis":"x","origin":[5.0,7.1,6.14]},"faces":{"down":{"uv":[0.0,0.0,1.0,1.0],"rotation":0,"texture":"#1","tintindex":0},"east":{"uv":[0.0,0.0,2.0,1.0],"rotation":270,"texture":"#1","tintindex":0},"north":{"uv":[0.0,0.0,1.0,2.0],"rotation":180,"texture":"#1","tintindex":0},"south":{"uv":[0.0,0.0,1.0,2.0],"rotation":0,"texture":"#1","tintindex":0},"up":{"uv":[0.0,0.0,1.0,1.0],"rotation":180,"texture":"#1","tintindex":0},"west":{"uv":[0.0,0.0,2.0,1.0],"rotation":90,"texture":"#1","tintindex":0}}},{"name":"cube","from":[4.3999996,5.6,6.23],"to":[5.0,6.8,6.83],"rotation":{"angle":22.5,"axis":"x","origin":[5.0,6.8,6.83]},"faces":{"down":{"uv":[0.0,0.0,1.0,1.0],"rotation":0,"texture":"#1","tintindex":0},"east":{"uv":[0.0,0.0,2.0,1.0],"rotation":270,"texture":"#1","tintindex":0},"north":{"uv":[0.0,0.0,1.0,2.0],"rotation":180,"texture":"#1","tintindex":0},"south":{"uv":[0.0,0.0,1.0,2.0],"rotation":0,"texture":"#1","tintindex":0},"up":{"uv":[0.0,0.0,1.0,1.0],"rotation":180,"texture":"#1","tintindex":0},"west":{"uv":[0.0,0.0,2.0,1.0],"rotation":90,"texture":"#1","tintindex":0}}}],"display":{"head":{"translation":[0.0,-6.4,0.0],"rotation":[0.0,0.0,0.0],"scale":[3.8095,3.8095,3.8095]}}}