{"textures":{"0":"modelengine:entity/copper_golem"},"elements":[{"name":"cube","from":[6.8,2.6,7.1],"to":[8.0,8.6,8.9],"rotation":{"angle":0.0,"axis":"x","origin":[8.0,8.0,8.0]},"faces":{"down":{"uv":[3.0,5.25,3.75,5.75],"rotation":90,"texture":"#0","tintindex":0},"east":{"uv":[2.25,4.75,3.0,7.25],"rotation":0,"texture":"#0","tintindex":0},"north":{"uv":[1.0,4.75,1.5,7.25],"rotation":0,"texture":"#0","tintindex":0},"south":{"uv":[1.5,4.75,1.0,7.25],"rotation":0,"texture":"#0","tintindex":0},"up":{"uv":[3.0,4.75,3.75,5.25],"rotation":90,"texture":"#0","tintindex":0},"west":{"uv":[1.5,4.75,2.25,7.25],"rotation":0,"texture":"#0","tintindex":0}}}],"display":{"head":{"translation":[0.0,-6.4,0.0],"rotation":[0.0,0.0,0.0],"scale":[3.8095,3.8095,3.8095]}}}