{"textures":{"0":"modelengine:entity/enderman","1":"modelengine:entity/enderman_overlay"},"elements":[{"name":"cube","from":[6.8,8.0,7.4],"to":[8.6,9.2,8.6],"rotation":{"angle":0.0,"axis":"x","origin":[10.4,-10.6,6.2]},"faces":{"down":{"uv":[12.25,6.25,11.5,6.75],"rotation":0,"texture":"#0","tintindex":0},"east":{"uv":[0.5,11.75,1.0,12.25],"rotation":0,"texture":"#0","tintindex":0},"north":{"uv":[3.0,11.25,3.75,11.75],"rotation":0,"texture":"#0","tintindex":0},"south":{"uv":[11.25,3.0,12.0,3.5],"rotation":0,"texture":"#0","tintindex":0},"up":{"uv":[12.25,5.0,11.5,4.5],"rotation":0,"texture":"#0","tintindex":0},"west":{"uv":[11.75,0.5,12.25,1.0],"rotation":0,"texture":"#0","tintindex":0}}}],"display":{"head":{"translation":[0.0,-6.4,0.0],"rotation":[0.0,0.0,0.0],"scale":[3.8095,3.8095,3.8095]}}}