{"textures":{"0":"modelengine:entity/enderman","1":"modelengine:entity/enderman_overlay"},"elements":[{"name":"cube","from":[6.2,7.1,7.1],"to":[9.8,8.9,8.9],"rotation":{"angle":0.0,"axis":"x","origin":[8.0,8.0,8.0]},"faces":{"down":{"uv":[11.25,1.5,9.75,2.25],"rotation":0,"texture":"#0","tintindex":0},"east":{"uv":[4.75,1.75,5.5,2.5],"rotation":0,"texture":"#0","tintindex":0},"north":{"uv":[9.25,3.5,10.75,4.25],"rotation":0,"texture":"#0","tintindex":0},"south":{"uv":[9.75,0.0,11.25,0.75],"rotation":0,"texture":"#0","tintindex":0},"up":{"uv":[11.25,1.5,9.75,0.75],"rotation":0,"texture":"#0","tintindex":0},"west":{"uv":[6.75,3.5,7.5,4.25],"rotation":0,"texture":"#0","tintindex":0}}}],"display":{"head":{"translation":[0.0,-6.4,0.0],"rotation":[0.0,0.0,0.0],"scale":[3.8095,3.8095,3.8095]}}}