{"textures":{"0":"modelengine:entity/enderman","1":"modelengine:entity/enderman_overlay"},"elements":[{"name":"cube","from":[6.2,2.6,7.4],"to":[7.4,8.6,8.6],"rotation":{"angle":-22.5,"axis":"z","origin":[6.8,5.0,6.8]},"faces":{"down":{"uv":[2.0,11.75,1.5,12.25],"rotation":0,"texture":"#0","tintindex":0},"east":{"uv":[7.0,9.5,7.5,12.0],"rotation":0,"texture":"#0","tintindex":0},"north":{"uv":[6.5,9.5,7.0,12.0],"rotation":0,"texture":"#0","tintindex":0},"south":{"uv":[9.5,7.25,10.0,9.75],"rotation":0,"texture":"#0","tintindex":0},"up":{"uv":[12.25,1.5,11.75,1.0],"rotation":0,"texture":"#0","tintindex":0},"west":{"uv":[7.5,9.5,8.0,12.0],"rotation":0,"texture":"#0","tintindex":0}}}],"display":{"head":{"translation":[0.0,-6.4,0.0],"rotation":[0.0,0.0,0.0],"scale":[3.8095,3.8095,3.8095]}}}