{"textures":{"0":"modelengine:entity/enderman","1":"modelengine:entity/enderman_overlay"},"elements":[{"name":"cube","from":[6.8,-0.54642916,5.856215],"to":[9.2,5.4535713,8.856215],"rotation":{"angle":-22.5,"axis":"x","origin":[8.0,1.8535709,7.356215]},"faces":{"down":{"uv":[9.25,6.5,8.25,7.75],"rotation":0,"texture":"#0","tintindex":0},"east":{"uv":[0.0,0.0,1.25,2.5],"rotation":0,"texture":"#0","tintindex":0},"north":{"uv":[1.25,2.5,2.25,5.0],"rotation":0,"texture":"#0","tintindex":0},"south":{"uv":[2.25,2.5,3.25,5.0],"rotation":0,"texture":"#0","tintindex":0},"up":{"uv":[7.0,9.5,6.0,8.25],"rotation":0,"texture":"#0","tintindex":0},"west":{"uv":[1.25,0.0,2.5,2.5],"rotation":0,"texture":"#0","tintindex":0}}},{"name":"cube","from":[6.8,-1.1464291,4.0562153],"to":[9.2,0.053570747,8.256215],"rotation":{"angle":0.0,"axis":"x","origin":[8.0,-0.54642916,6.156215]},"faces":{"down":{"uv":[2.25,6.25,1.25,8.0],"rotation":0,"texture":"#0","tintindex":0},"east":{"uv":[10.0,8.25,11.75,8.75],"rotation":0,"texture":"#0","tintindex":0},"north":{"uv":[11.0,9.25,12.0,9.75],"rotation":0,"texture":"#0","tintindex":0},"south":{"uv":[11.0,9.75,12.0,10.25],"rotation":0,"texture":"#0","tintindex":0},"up":{"uv":[5.25,7.75,4.25,6.0],"rotation":0,"texture":"#0","tintindex":0},"west":{"uv":[10.0,8.75,11.75,9.25],"rotation":0,"texture":"#0","tintindex":0}}},{"name":"cube","from":[7.4,2.892858,6.287569],"to":[8.6,8.8928585,7.4875693],"rotation":{"angle":22.5,"axis":"x","origin":[8.0,5.8928585,6.887569]},"faces":{"down":{"uv":[8.5,11.5,8.0,12.0],"rotation":0,"texture":"#0","tintindex":0},"east":{"uv":[9.0,9.0,9.5,11.5],"rotation":0,"texture":"#0","tintindex":0},"north":{"uv":[8.5,9.0,9.0,11.5],"rotation":0,"texture":"#0","tintindex":0},"south":{"uv":[9.25,0.0,9.75,2.5],"rotation":0,"texture":"#0","tintindex":0},"up":{"uv":[12.0,7.25,11.5,6.75],"rotation":0,"texture":"#0","tintindex":0},"west":{"uv":[2.0,9.25,2.5,11.75],"rotation":0,"texture":"#0","tintindex":0}}}],"display":{"head":{"translation":[0.0,-6.4,0.0],"rotation":[0.0,0.0,0.0],"scale":[3.8095,3.8095,3.8095]}}}