{"textures":{"0":"modelengine:entity/enderman","1":"modelengine:entity/enderman_overlay"},"elements":[{"name":"cube","from":[6.8,4.7,6.8],"to":[9.2,8.9,9.2],"rotation":{"angle":0.0,"axis":"x","origin":[8.0,6.8,8.0]},"faces":{"down":{"uv":[11.0,5.25,10.0,6.25],"rotation":0,"texture":"#0","tintindex":0},"east":{"uv":[4.25,7.75,5.25,9.5],"rotation":0,"texture":"#0","tintindex":0},"north":{"uv":[7.75,1.75,8.75,3.5],"rotation":0,"texture":"#0","tintindex":0},"south":{"uv":[8.0,0.0,9.0,1.75],"rotation":0,"texture":"#0","tintindex":0},"up":{"uv":[6.0,11.0,5.0,10.0],"rotation":0,"texture":"#0","tintindex":0},"west":{"uv":[1.0,8.0,2.0,9.75],"rotation":0,"texture":"#0","tintindex":0}}}],"display":{"head":{"translation":[0.0,-6.4,0.0],"rotation":[0.0,0.0,0.0],"scale":[3.8095,3.8095,3.8095]}}}