{"textures":{"0":"modelengine:entity/enderman","1":"modelengine:entity/enderman_overlay"},"elements":[{"name":"cube","from":[6.8,7.4,7.4],"to":[8.6,8.6,8.6],"rotation":{"angle":0.0,"axis":"x","origin":[5.0,-11.200001,6.2]},"faces":{"down":{"uv":[12.0,2.5,11.25,3.0],"rotation":0,"texture":"#0","tintindex":0},"east":{"uv":[11.5,11.25,12.0,11.75],"rotation":0,"texture":"#0","tintindex":0},"north":{"uv":[6.75,4.25,7.5,4.75],"rotation":0,"texture":"#0","tintindex":0},"south":{"uv":[11.25,1.5,12.0,2.0],"rotation":0,"texture":"#0","tintindex":0},"up":{"uv":[12.0,2.5,11.25,2.0],"rotation":0,"texture":"#0","tintindex":0},"west":{"uv":[11.75,0.0,12.25,0.5],"rotation":0,"texture":"#0","tintindex":0}}}],"display":{"head":{"translation":[0.0,-6.4,0.0],"rotation":[0.0,0.0,0.0],"scale":[3.8095,3.8095,3.8095]}}}