{"textures":{"0":"modelengine:entity/enderman","1":"modelengine:entity/enderman_overlay"},"elements":[{"name":"cube","from":[8.9,8.3,8.0],"to":[10.1,11.900001,9.2],"rotation":{"angle":-22.5,"axis":"x","origin":[9.5,11.0,8.6]},"faces":{"down":{"uv":[9.5,11.5,9.0,12.0],"rotation":0,"texture":"#0","tintindex":0},"east":{"uv":[10.0,10.75,10.5,12.25],"rotation":0,"texture":"#0","tintindex":0},"north":{"uv":[9.5,10.75,10.0,12.25],"rotation":0,"texture":"#0","tintindex":0},"south":{"uv":[10.5,10.75,11.0,12.25],"rotation":0,"texture":"#0","tintindex":0},"up":{"uv":[9.0,12.0,8.5,11.5],"rotation":0,"texture":"#0","tintindex":0},"west":{"uv":[0.0,11.0,0.5,12.5],"rotation":0,"texture":"#0","tintindex":0}}},{"name":"cube","from":[8.9,5.3,8.0],"to":[10.1,7.1,9.8],"rotation":{"angle":0.0,"axis":"x","origin":[9.5,-8.500001,6.8]},"faces":{"down":{"uv":[1.5,11.25,1.0,12.0],"rotation":0,"texture":"#0","tintindex":0},"east":{"uv":[10.75,4.5,11.5,5.25],"rotation":0,"texture":"#0","tintindex":0},"north":{"uv":[11.0,11.0,11.5,11.75],"rotation":0,"texture":"#0","tintindex":0},"south":{"uv":[11.25,0.0,11.75,0.75],"rotation":0,"texture":"#0","tintindex":0},"up":{"uv":[11.75,1.5,11.25,0.75],"rotation":0,"texture":"#0","tintindex":0},"west":{"uv":[5.0,11.0,5.75,11.75],"rotation":0,"texture":"#0","tintindex":0}}},{"name":"cube","from":[8.3,4.7,8.6],"to":[10.700001,8.9,10.4],"rotation":{"angle":-22.5,"axis":"x","origin":[9.5,7.4,9.5]},"faces":{"down":{"uv":[11.75,3.75,10.75,4.5],"rotation":0,"texture":"#0","tintindex":0},"east":{"uv":[3.25,8.0,4.0,9.75],"rotation":0,"texture":"#0","tintindex":0},"north":{"uv":[2.25,6.25,3.25,8.0],"rotation":0,"texture":"#0","tintindex":0},"south":{"uv":[3.25,6.25,4.25,8.0],"rotation":0,"texture":"#0","tintindex":0},"up":{"uv":[11.5,7.0,10.5,6.25],"rotation":0,"texture":"#0","tintindex":0},"west":{"uv":[5.25,8.25,6.0,10.0],"rotation":0,"texture":"#0","tintindex":0}}},{"name":"cube","from":[8.9,1.6999998,9.2],"to":[10.1,5.3,11.0],"rotation":{"angle":0.0,"axis":"x","origin":[9.5,-8.500001,6.8]},"faces":{"down":{"uv":[11.5,10.25,11.0,11.0],"rotation":0,"texture":"#0","tintindex":0},"east":{"uv":[1.0,9.75,1.75,11.25],"rotation":0,"texture":"#0","tintindex":0},"north":{"uv":[10.5,9.25,11.0,10.75],"rotation":0,"texture":"#0","tintindex":0},"south":{"uv":[10.75,2.25,11.25,3.75],"rotation":0,"texture":"#0","tintindex":0},"up":{"uv":[1.0,11.75,0.5,11.0],"rotation":0,"texture":"#0","tintindex":0},"west":{"uv":[3.0,9.75,3.75,11.25],"rotation":0,"texture":"#0","tintindex":0}}},{"name":"cube","from":[9.5,6.5,6.8],"to":[12.5,10.700001,9.2],"rotation":{"angle":22.5,"axis":"y","origin":[11.0,8.0,8.0]},"faces":{"down":{"uv":[10.0,5.25,8.75,6.25],"rotation":0,"texture":"#0","tintindex":0},"east":{"uv":[6.5,4.75,7.5,6.5],"rotation":0,"texture":"#0","tintindex":0},"north":{"uv":[4.25,2.5,5.5,4.25],"rotation":0,"texture":"#0","tintindex":0},"south":{"uv":[4.25,4.25,5.5,6.0],"rotation":0,"texture":"#0","tintindex":0},"up":{"uv":[9.75,5.25,8.5,4.25],"rotation":0,"texture":"#0","tintindex":0},"west":{"uv":[5.25,6.5,6.25,8.25],"rotation":0,"texture":"#0","tintindex":0}}},{"name":"cube","from":[6.5,6.5,6.8],"to":[9.5,10.700001,9.2],"rotation":{"angle":-22.5,"axis":"y","origin":[8.0,8.0,8.0]},"faces":{"down":{"uv":[10.5,6.25,9.25,7.25],"rotation":0,"texture":"#0","tintindex":0},"east":{"uv":[6.25,6.5,7.25,8.25],"rotation":0,"texture":"#0","tintindex":0},"north":{"uv":[4.75,0.0,6.0,1.75],"rotation":0,"texture":"#0","tintindex":0},"south":{"uv":[0.0,5.0,1.25,6.75],"rotation":0,"texture":"#0","tintindex":0},"up":{"uv":[10.5,3.5,9.25,2.5],"rotation":0,"texture":"#0","tintindex":0},"west":{"uv":[0.0,6.75,1.0,8.5],"rotation":0,"texture":"#0","tintindex":0}}}],"display":{"head":{"translation":[0.0,-6.4,0.0],"rotation":[0.0,0.0,0.0],"scale":[3.8095,3.8095,3.8095]}}}