{"textures":{"0":"modelengine:entity/enderman","1":"modelengine:entity/enderman_overlay"},"elements":[{"name":"cube","from":[6.8,4.1,6.2],"to":[9.2,8.3,8.6],"rotation":{"angle":0.0,"axis":"x","origin":[8.0,6.2,7.4]},"faces":{"down":{"uv":[10.5,9.75,9.5,10.75],"rotation":0,"texture":"#0","tintindex":0},"east":{"uv":[7.0,0.0,8.0,1.75],"rotation":0,"texture":"#0","tintindex":0},"north":{"uv":[6.75,1.75,7.75,3.5],"rotation":0,"texture":"#0","tintindex":0},"south":{"uv":[7.25,6.5,8.25,8.25],"rotation":0,"texture":"#0","tintindex":0},"up":{"uv":[10.75,5.25,9.75,4.25],"rotation":0,"texture":"#0","tintindex":0},"west":{"uv":[7.5,3.5,8.5,5.25],"rotation":0,"texture":"#0","tintindex":0}}}],"display":{"head":{"translation":[0.0,-6.4,0.0],"rotation":[0.0,0.0,0.0],"scale":[3.8095,3.8095,3.8095]}}}