{"textures":{"0":"modelengine:entity/enderman","1":"modelengine:entity/enderman_overlay"},"elements":[{"name":"cube","from":[8.6,2.6,7.4],"to":[9.8,8.6,8.6],"rotation":{"angle":22.5,"axis":"z","origin":[9.2,5.0,6.8]},"faces":{"down":{"uv":[12.0,10.75,11.5,11.25],"rotation":0,"texture":"#0","tintindex":0},"east":{"uv":[4.0,9.5,4.5,12.0],"rotation":0,"texture":"#0","tintindex":0},"north":{"uv":[2.5,9.25,3.0,11.75],"rotation":0,"texture":"#0","tintindex":0},"south":{"uv":[4.5,9.5,5.0,12.0],"rotation":0,"texture":"#0","tintindex":0},"up":{"uv":[12.0,10.75,11.5,10.25],"rotation":0,"texture":"#0","tintindex":0},"west":{"uv":[6.0,9.5,6.5,12.0],"rotation":0,"texture":"#0","tintindex":0}}}],"display":{"head":{"translation":[0.0,-6.4,0.0],"rotation":[0.0,0.0,0.0],"scale":[3.8095,3.8095,3.8095]}}}