{"textures":{"0":"modelengine:entity/enderman","1":"modelengine:entity/enderman_overlay"},"elements":[{"name":"h_head","from":[6.5,6.2,6.2],"to":[9.5,9.2,9.8],"rotation":{"angle":0.0,"axis":"x","origin":[8.0,8.0,8.0]},"faces":{"down":{"uv":[6.75,3.25,5.5,4.75],"rotation":0,"texture":"#0","tintindex":0},"east":{"uv":[1.25,5.0,2.75,6.25],"rotation":0,"texture":"#0","tintindex":0},"north":{"uv":[7.5,5.25,8.75,6.5],"rotation":0,"texture":"#0","tintindex":0},"south":{"uv":[2.0,8.0,3.25,9.25],"rotation":0,"texture":"#0","tintindex":0},"up":{"uv":[6.75,3.25,5.5,1.75],"rotation":0,"texture":"#0","tintindex":0},"west":{"uv":[2.75,5.0,4.25,6.25],"rotation":0,"texture":"#0","tintindex":0}}}],"display":{"head":{"translation":[0.0,-6.4,0.0],"rotation":[0.0,0.0,0.0],"scale":[3.8095,3.8095,3.8095]}}}