{"textures":{"0":"modelengine:entity/copper_golem_3"},"elements":[{"name":"cube","from":[6.8,5.6,7.1],"to":[9.2,8.0,8.9],"rotation":{"angle":0.0,"axis":"x","origin":[8.0,8.0,8.0]},"faces":{"down":{"uv":[0.0,5.75,1.0,6.5],"rotation":180,"texture":"#0","tintindex":0},"east":{"uv":[0.75,6.75,0.0,7.75],"rotation":0,"texture":"#0","tintindex":0},"north":{"uv":[0.0,4.75,1.0,5.75],"rotation":0,"texture":"#0","tintindex":0},"south":{"uv":[1.0,7.75,0.0,8.75],"rotation":0,"texture":"#0","tintindex":0},"up":{"uv":[1.0,7.75,2.0,8.5],"rotation":0,"texture":"#0","tintindex":0},"west":{"uv":[0.0,6.75,0.75,7.75],"rotation":0,"texture":"#0","tintindex":0}}}],"display":{"head":{"translation":[0.0,-6.4,0.0],"rotation":[0.0,0.0,0.0],"scale":[3.8095,3.8095,3.8095]}}}