{"textures":{"0":"modelengine:entity/char"},"elements":[{"name":"left arm","from":[6.2,1.9999998,6.8],"to":[8.6,9.2,9.2],"rotation":{"angle":0.0,"axis":"x","origin":[11.0,-5.200001,8.0]},"faces":{"down":{"uv":[11.0,12.0,10.0,13.0],"rotation":0,"texture":"#0","tintindex":0},"east":{"uv":[8.0,13.0,9.0,16.0],"rotation":0,"texture":"#0","tintindex":0},"north":{"uv":[9.0,13.0,10.0,16.0],"rotation":0,"texture":"#0","tintindex":0},"south":{"uv":[11.0,13.0,12.0,16.0],"rotation":0,"texture":"#0","tintindex":0},"up":{"uv":[10.0,13.0,9.0,12.0],"rotation":0,"texture":"#0","tintindex":0},"west":{"uv":[10.0,13.0,11.0,16.0],"rotation":0,"texture":"#0","tintindex":0}}},{"name":"left arm layer","from":[6.05,1.8499998,6.6499996],"to":[8.75,9.35,9.35],"rotation":{"angle":0.0,"axis":"x","origin":[11.0,-5.200001,8.0]},"faces":{"down":{"uv":[15.0,12.0,14.0,13.0],"rotation":0,"texture":"#0","tintindex":0},"east":{"uv":[12.0,13.0,13.0,16.0],"rotation":0,"texture":"#0","tintindex":0},"north":{"uv":[13.0,13.0,14.0,16.0],"rotation":0,"texture":"#0","tintindex":0},"south":{"uv":[15.0,13.0,16.0,16.0],"rotation":0,"texture":"#0","tintindex":0},"up":{"uv":[14.0,13.0,13.0,12.0],"rotation":0,"texture":"#0","tintindex":0},"west":{"uv":[14.0,13.0,15.0,16.0],"rotation":0,"texture":"#0","tintindex":0}}}],"display":{"head":{"translation":[0.0,-6.4,0.0],"rotation":[0.0,0.0,0.0],"scale":[3.8095,3.8095,3.8095]}}}