{"textures":{"0":"modelengine:entity/copper_golem_1"},"elements":[{"name":"cube","from":[5.6,6.2,6.5],"to":[10.4,9.8,9.5],"rotation":{"angle":0.0,"axis":"x","origin":[8.0,8.0,8.0]},"faces":{"down":{"uv":[1.25,4.5,1.5,4.75],"rotation":0,"texture":"#0","tintindex":0},"east":{"uv":[2.0,3.25,3.25,4.75],"rotation":0,"texture":"#0","tintindex":0},"north":{"uv":[0.0,3.25,2.0,4.75],"rotation":0,"texture":"#0","tintindex":0},"south":{"uv":[3.0,5.75,5.0,7.25],"rotation":0,"texture":"#0","tintindex":0},"up":{"uv":[2.0,3.25,3.0,3.5],"rotation":90,"texture":"#0","tintindex":0},"west":{"uv":[2.0,3.25,3.25,4.75],"rotation":0,"texture":"#0","tintindex":0}}}],"display":{"head":{"translation":[0.0,-6.4,0.0],"rotation":[0.0,0.0,0.0],"scale":[3.8095,3.8095,3.8095]}}}