{"textures":{"0":"modelengine:entity/copper_golem_1"},"elements":[{"name":"cube","from":[5.3,7.55,5.24],"to":[10.700001,10.55,10.639999],"rotation":{"angle":0.0,"axis":"x","origin":[8.0,8.0,8.0]},"faces":{"down":{"uv":[2.0,1.25,4.0,3.25],"rotation":0,"texture":"#0","tintindex":0},"east":{"uv":[4.0,0.0,2.0,1.25],"rotation":0,"texture":"#0","tintindex":0},"north":{"uv":[0.0,0.0,2.0,1.25],"rotation":0,"texture":"#0","tintindex":0},"south":{"uv":[4.0,0.0,6.0,1.25],"rotation":0,"texture":"#0","tintindex":0},"up":{"uv":[0.0,1.25,2.0,3.25],"rotation":180,"texture":"#0","tintindex":0},"west":{"uv":[2.0,0.0,4.0,1.25],"rotation":0,"texture":"#0","tintindex":0}}},{"name":"cube","from":[7.34,6.8899994,3.92],"to":[8.66,8.81,5.24],"rotation":{"angle":0.0,"axis":"x","origin":[8.0,8.0,8.0]},"faces":{"down":{"uv":[4.75,1.5,5.0,2.0],"rotation":180,"texture":"#0","tintindex":0},"east":{"uv":[5.0,1.25,4.5,2.0],"rotation":0,"texture":"#0","tintindex":0},"north":{"uv":[4.0,1.25,4.5,2.0],"rotation":0,"texture":"#0","tintindex":0},"south":{"uv":[4.75,1.75,5.0,2.0],"rotation":180,"texture":"#0","tintindex":0},"up":{"uv":[4.0,1.25,4.5,1.75],"rotation":0,"texture":"#0","tintindex":0},"west":{"uv":[4.5,1.25,5.0,2.0],"rotation":0,"texture":"#0","tintindex":0}}},{"name":"cube","from":[6.8,12.35,6.74],"to":[9.2,14.150001,9.139999],"rotation":{"angle":0.0,"axis":"x","origin":[8.0,8.0,8.0]},"faces":{"down":{"uv":[5.0,3.0,6.0,4.0],"rotation":0,"texture":"#0","tintindex":0},"east":{"uv":[4.0,2.0,5.0,2.75],"rotation":0,"texture":"#0","tintindex":0},"north":{"uv":[4.0,2.0,5.0,2.75],"rotation":0,"texture":"#0","tintindex":0},"south":{"uv":[4.0,2.0,5.0,2.75],"rotation":0,"texture":"#0","tintindex":0},"up":{"uv":[5.0,2.0,6.0,3.0],"rotation":0,"texture":"#0","tintindex":0},"west":{"uv":[4.0,2.0,5.0,2.75],"rotation":0,"texture":"#0","tintindex":0}}},{"name":"cube","from":[7.4,10.55,7.34],"to":[8.6,12.35,8.54],"rotation":{"angle":0.0,"axis":"x","origin":[8.0,8.0,8.0]},"faces":{"down":{"uv":[0.0,0.0,0.0,0.0],"rotation":0,"texture":"#0","tintindex":0},"east":{"uv":[4.75,2.75,4.25,3.5],"rotation":0,"texture":"#0","tintindex":0},"north":{"uv":[4.25,2.75,4.75,3.5],"rotation":0,"texture":"#0","tintindex":0},"south":{"uv":[4.25,2.75,4.75,3.5],"rotation":0,"texture":"#0","tintindex":0},"up":{"uv":[0.0,0.0,0.0,0.0],"rotation":0,"texture":"#0","tintindex":0},"west":{"uv":[4.75,2.75,4.25,3.5],"rotation":0,"texture":"#0","tintindex":0}}}],"display":{"head":{"translation":[0.0,-6.4,0.0],"rotation":[0.0,0.0,0.0],"scale":[3.8095,3.8095,3.8095]}}}