{
  "providers": [
    {
      "type": "bitmap",
      "file": "minecraft:gui/container/brewing_guide_left.png",
      "ascent": 13,
      "height": 166,
      "chars": [
        ""
      ]
    },
    {
      "type": "bitmap",
      "file": "minecraft:gui/container/brewing_guide_right.png",
      "ascent": 13,
      "height": 166,
      "chars": [
        ""
      ]
    },
    {
      "type": "bitmap",
      "file": "minecraft:misc/hunger_half.png",
      "ascent": 8,
      "height": 16,
      "chars": [
        ""
      ]
    },
    {
      "type": "bitmap",
      "file": "minecraft:misc/hunger_full.png",
      "ascent": 8,
      "height": 16,
      "chars": [
        ""
      ]
    }
  ]
}