{"providers":[{"ascent":13,"chars":["ꈁ"],"file":"custom/gui/prejoin_menu.png","height":256,"type":"bitmap"},{"type":"bitmap","file":"space:font/space_split.png","ascent":-32768,"height":-3,"chars":[""]},{"type":"bitmap","file":"space:font/space_split.png","ascent":-32768,"height":-4,"chars":[""]},{"type":"bitmap","file":"space:font/space_split.png","ascent":-32768,"height":-5,"chars":[""]},{"type":"bitmap","file":"space:font/space_split.png","ascent":-32768,"height":-6,"chars":[""]},{"type":"bitmap","file":"space:font/space_split.png","ascent":-32768,"height":-7,"chars":[""]},{"type":"bitmap","file":"space:font/space_split.png","ascent":-32768,"height":-8,"chars":[""]},{"type":"bitmap","file":"space:font/space_split.png","ascent":-32768,"height":-9,"chars":[""]},{"type":"bitmap","file":"space:font/space_split.png","ascent":-32768,"height":-10,"chars":[""]},{"type":"bitmap","file":"space:font/space_split.png","ascent":-32768,"height":-18,"chars":[""]},{"type":"bitmap","file":"space:font/space_split.png","ascent":-32768,"height":-34,"chars":[""]},{"type":"bitmap","file":"space:font/space_split.png","ascent":-32768,"height":-66,"chars":[""]},{"type":"bitmap","file":"space:font/space_split.png","ascent":-32768,"height":-130,"chars":[""]},{"type":"bitmap","file":"space:font/space_split.png","ascent":-32768,"height":-258,"chars":[""]},{"type":"bitmap","file":"space:font/space_split.png","ascent":-32768,"height":-514,"chars":[""]},{"type":"bitmap","file":"space:font/space_split.png","ascent":-32768,"height":-1026,"chars":[""]},{"type":"bitmap","file":"space:font/space_split.png","ascent":-65536,"height":-32770,"chars":[""]},{"type":"bitmap","file":"space:font/space_split.png","ascent":-32768,"height":0,"chars":[""]},{"type":"bitmap","file":"space:font/space_split.png","ascent":-32768,"height":1,"chars":[""]},{"type":"bitmap","file":"space:font/space_split.png","ascent":-32768,"height":2,"chars":[""]},{"type":"bitmap","file":"space:font/space_split.png","ascent":-32768,"height":3,"chars":[""]},{"type":"bitmap","file":"space:font/space_split.png","ascent":-32768,"height":4,"chars":[""]},{"type":"bitmap","file":"space:font/space_split.png","ascent":-32768,"height":5,"chars":[""]},{"type":"bitmap","file":"space:font/space_split.png","ascent":-32768,"height":6,"chars":[""]},{"type":"bitmap","file":"space:font/space_split.png","ascent":-32768,"height":7,"chars":[""]},{"type":"bitmap","file":"space:font/space_split.png","ascent":-32768,"height":15,"chars":[""]},{"type":"bitmap","file":"space:font/space_split.png","ascent":-32768,"height":31,"chars":[""]},{"type":"bitmap","file":"space:font/space_split.png","ascent":-32768,"height":63,"chars":[""]},{"type":"bitmap","file":"space:font/space_split.png","ascent":-32768,"height":127,"chars":[""]},{"type":"bitmap","file":"space:font/space_split.png","ascent":-32768,"height":255,"chars":[""]},{"type":"bitmap","file":"space:font/space_split.png","ascent":-32768,"height":511,"chars":[""]},{"type":"bitmap","file":"space:font/space_split.png","ascent":-32768,"height":1023,"chars":[""]},{"type":"bitmap","file":"space:font/space_split.png","ascent":-65536,"height":32767,"chars":[""]},{"type":"bitmap","file":"space:font/space_nosplit.png","ascent":-32768,"height":-3,"chars":[""]},{"type":"bitmap","file":"space:font/space_nosplit.png","ascent":-32768,"height":-4,"chars":[""]},{"type":"bitmap","file":"space:font/space_nosplit.png","ascent":-32768,"height":-5,"chars":[""]},{"type":"bitmap","file":"space:font/space_nosplit.png","ascent":-32768,"height":-6,"chars":[""]},{"type":"bitmap","file":"space:font/space_nosplit.png","ascent":-32768,"height":-7,"chars":[""]},{"type":"bitmap","file":"space:font/space_nosplit.png","ascent":-32768,"height":-8,"chars":[""]},{"type":"bitmap","file":"space:font/space_nosplit.png","ascent":-32768,"height":-9,"chars":[""]},{"type":"bitmap","file":"space:font/space_nosplit.png","ascent":-32768,"height":-10,"chars":[""]},{"type":"bitmap","file":"space:font/space_nosplit.png","ascent":-32768,"height":-18,"chars":[""]},{"type":"bitmap","file":"space:font/space_nosplit.png","ascent":-32768,"height":-34,"chars":[""]},{"type":"bitmap","file":"space:font/space_nosplit.png","ascent":-32768,"height":-66,"chars":[""]},{"type":"bitmap","file":"space:font/space_nosplit.png","ascent":-32768,"height":-130,"chars":[""]},{"type":"bitmap","file":"space:font/space_nosplit.png","ascent":-32768,"height":-258,"chars":[""]},{"type":"bitmap","file":"space:font/space_nosplit.png","ascent":-32768,"height":-514,"chars":[""]},{"type":"bitmap","file":"space:font/space_nosplit.png","ascent":-32768,"height":-1026,"chars":[""]},{"type":"bitmap","file":"space:font/space_nosplit.png","ascent":-65536,"height":-32770,"chars":[""]},{"type":"bitmap","file":"space:font/space_nosplit.png","ascent":-32768,"height":0,"chars":[""]},{"type":"bitmap","file":"space:font/space_nosplit.png","ascent":-32768,"height":1,"chars":[""]},{"type":"bitmap","file":"space:font/space_nosplit.png","ascent":-32768,"height":2,"chars":[""]},{"type":"bitmap","file":"space:font/space_nosplit.png","ascent":-32768,"height":3,"chars":[""]},{"type":"bitmap","file":"space:font/space_nosplit.png","ascent":-32768,"height":4,"chars":[""]},{"type":"bitmap","file":"space:font/space_nosplit.png","ascent":-32768,"height":5,"chars":[""]},{"type":"bitmap","file":"space:font/space_nosplit.png","ascent":-32768,"height":6,"chars":[""]},{"type":"bitmap","file":"space:font/space_nosplit.png","ascent":-32768,"height":7,"chars":[""]},{"type":"bitmap","file":"space:font/space_nosplit.png","ascent":-32768,"height":15,"chars":[""]},{"type":"bitmap","file":"space:font/space_nosplit.png","ascent":-32768,"height":31,"chars":[""]},{"type":"bitmap","file":"space:font/space_nosplit.png","ascent":-32768,"height":63,"chars":[""]},{"type":"bitmap","file":"space:font/space_nosplit.png","ascent":-32768,"height":127,"chars":[""]},{"type":"bitmap","file":"space:font/space_nosplit.png","ascent":-32768,"height":255,"chars":[""]},{"type":"bitmap","file":"space:font/space_nosplit.png","ascent":-32768,"height":511,"chars":[""]},{"type":"bitmap","file":"space:font/space_nosplit.png","ascent":-32768,"height":1023,"chars":[""]},{"type":"bitmap","file":"space:font/space_nosplit.png","ascent":-65536,"height":32767,"chars":[""]}]}