{"groups":[{"name":"bow","origin":[8,8,8],"children":[0,1,2,3,4,5,6,7,8,9,10,11,12,13,14,15,16,17,18,19,20]}],"parent":"item/bow","gui_light":"front","textures":{"bow":"item/bow","particle":"item/bow"},"elements":[{"name":"bow_0","from":[11,12,7.5],"to":[15,15,8.5],"faces":{"north":{"uv":[15,1,11,4],"texture":"#bow"},"east":{"uv":[14,1,15,4],"texture":"#bow"},"south":{"uv":[11,1,15,4],"texture":"#bow"},"west":{"uv":[11,1,12,4],"texture":"#bow"},"up":{"uv":[11,1,15,2],"texture":"#bow"},"down":{"uv":[11,3,15,4],"texture":"#bow"}}},{"name":"bow_1","from":[8,11,7.5],"to":[11,14,8.5],"faces":{"north":{"uv":[11,2,8,5],"texture":"#bow"},"east":{"uv":[10,2,11,5],"texture":"#bow"},"south":{"uv":[8,2,11,5],"texture":"#bow"},"west":{"uv":[8,2,9,5],"texture":"#bow"},"up":{"uv":[8,2,11,3],"texture":"#bow"},"down":{"uv":[8,4,11,5],"texture":"#bow"}}},{"name":"bow_2","from":[15,13,7.5],"to":[16,14,8.5],"faces":{"north":{"uv":[15,3,16,2],"rotation":180,"texture":"#bow"},"east":{"uv":[15,2,16,3],"texture":"#bow"},"south":{"uv":[15,2,16,3],"texture":"#bow"},"up":{"uv":[16,2,15,3],"rotation":180,"texture":"#bow"},"down":{"uv":[15,2,16,3],"texture":"#bow"}}},{"name":"bow_3","from":[6,10,7.5],"to":[8,13,8.5],"faces":{"north":{"uv":[8,3,6,6],"texture":"#bow"},"east":{"uv":[7,3,8,6],"texture":"#bow"},"south":{"uv":[6,3,8,6],"texture":"#bow"},"west":{"uv":[6,3,7,6],"texture":"#bow"},"up":{"uv":[6,3,8,4],"texture":"#bow"},"down":{"uv":[6,5,8,6],"texture":"#bow"}}},{"name":"bow_4","from":[5,8,7.5],"to":[6,12,8.5],"faces":{"north":{"uv":[5,4,6,8],"texture":"#bow"},"east":{"uv":[5,4,6,8],"texture":"#bow"},"south":{"uv":[5,4,6,8],"texture":"#bow"},"west":{"uv":[5,4,6,8],"texture":"#bow"},"up":{"uv":[5,4,6,5],"texture":"#bow"},"down":{"uv":[5,7,6,8],"texture":"#bow"}}},{"name":"bow_5","from":[13,11,7.5],"to":[14,12,8.5],"faces":{"north":{"uv":[13,5,14,4],"rotation":180,"texture":"#bow"},"east":{"uv":[13,4,14,5],"texture":"#bow"},"south":{"uv":[13,4,14,5],"texture":"#bow"},"west":{"uv":[13,4,14,5],"texture":"#bow"},"down":{"uv":[13,4,14,5],"texture":"#bow"}}},{"name":"bow_6","from":[4,5,7.5],"to":[5,11,8.5],"faces":{"north":{"uv":[4,5,5,11],"texture":"#bow"},"east":{"uv":[4,5,5,11],"texture":"#bow"},"south":{"uv":[4,5,5,11],"texture":"#bow"},"west":{"uv":[4,5,5,11],"texture":"#bow"},"up":{"uv":[4,5,5,6],"texture":"#bow"},"down":{"uv":[4,10,5,11],"texture":"#bow"}}},{"name":"bow_7","from":[12,10,7.5],"to":[13,11,8.5],"faces":{"north":{"uv":[12,6,13,5],"rotation":180,"texture":"#bow"},"east":{"uv":[12,5,13,6],"texture":"#bow"},"south":{"uv":[12,5,13,6],"texture":"#bow"},"west":{"uv":[12,5,13,6],"texture":"#bow"},"up":{"uv":[13,5,12,6],"rotation":180,"texture":"#bow"},"down":{"uv":[12,5,13,6],"texture":"#bow"}}},{"name":"bow_8","from":[3,8,7.5],"to":[4,10,8.5],"faces":{"north":{"uv":[3,6,4,8],"texture":"#bow"},"south":{"uv":[3,6,4,8],"texture":"#bow"},"west":{"uv":[3,6,4,8],"texture":"#bow"},"up":{"uv":[3,6,4,7],"texture":"#bow"}}},{"name":"bow_9","from":[6,9,7.5],"to":[7,10,8.5],"faces":{"north":{"uv":[6,7,7,6],"rotation":180,"texture":"#bow"},"east":{"uv":[6,6,7,7],"texture":"#bow"},"south":{"uv":[6,6,7,7],"texture":"#bow"},"down":{"uv":[6,6,7,7],"texture":"#bow"}}},{"name":"bow_10","from":[11,9,7.5],"to":[12,10,8.5],"faces":{"north":{"uv":[11,7,12,6],"rotation":180,"texture":"#bow"},"east":{"uv":[11,6,12,7],"texture":"#bow"},"south":{"uv":[11,6,12,7],"texture":"#bow"},"west":{"uv":[11,6,12,7],"texture":"#bow"},"up":{"uv":[12,6,11,7],"rotation":180,"texture":"#bow"},"down":{"uv":[11,6,12,7],"texture":"#bow"}}},{"name":"bow_11","from":[10,8,7.5],"to":[11,9,8.5],"faces":{"north":{"uv":[10,8,11,7],"rotation":180,"texture":"#bow"},"east":{"uv":[10,7,11,8],"texture":"#bow"},"south":{"uv":[10,7,11,8],"texture":"#bow"},"west":{"uv":[10,7,11,8],"texture":"#bow"},"up":{"uv":[11,7,10,8],"rotation":180,"texture":"#bow"},"down":{"uv":[10,7,11,8],"texture":"#bow"}}},{"name":"bow_12","from":[2,5,7.5],"to":[4,8,8.5],"faces":{"north":{"uv":[4,8,2,11],"texture":"#bow"},"south":{"uv":[2,8,4,11],"texture":"#bow"},"west":{"uv":[2,8,3,11],"texture":"#bow"},"up":{"uv":[2,8,4,9],"texture":"#bow"}}},{"name":"bow_13","from":[9,7,7.5],"to":[10,8,8.5],"faces":{"north":{"uv":[9,9,10,8],"rotation":180,"texture":"#bow"},"east":{"uv":[9,8,10,9],"texture":"#bow"},"south":{"uv":[9,8,10,9],"texture":"#bow"},"west":{"uv":[9,8,10,9],"texture":"#bow"},"up":{"uv":[10,8,9,9],"rotation":180,"texture":"#bow"},"down":{"uv":[9,8,10,9],"texture":"#bow"}}},{"name":"bow_14","from":[8,6,7.5],"to":[9,7,8.5],"faces":{"north":{"uv":[8,10,9,9],"rotation":180,"texture":"#bow"},"east":{"uv":[8,9,9,10],"texture":"#bow"},"south":{"uv":[8,9,9,10],"texture":"#bow"},"west":{"uv":[8,9,9,10],"texture":"#bow"},"up":{"uv":[9,9,8,10],"rotation":180,"texture":"#bow"},"down":{"uv":[8,9,9,10],"texture":"#bow"}}},{"name":"bow_15","from":[7,5,7.5],"to":[8,6,8.5],"faces":{"north":{"uv":[7,11,8,10],"rotation":180,"texture":"#bow"},"east":{"uv":[7,10,8,11],"texture":"#bow"},"south":{"uv":[7,10,8,11],"texture":"#bow"},"west":{"uv":[7,10,8,11],"texture":"#bow"},"up":{"uv":[8,10,7,11],"rotation":180,"texture":"#bow"},"down":{"uv":[7,10,8,11],"texture":"#bow"}}},{"name":"bow_16","from":[1,1,7.5],"to":[4,5,8.5],"faces":{"north":{"uv":[4,11,1,15],"texture":"#bow"},"east":{"uv":[3,11,4,15],"texture":"#bow"},"south":{"uv":[1,11,4,15],"texture":"#bow"},"west":{"uv":[1,11,2,15],"texture":"#bow"},"up":{"uv":[1,11,4,12],"texture":"#bow"},"down":{"uv":[1,14,4,15],"texture":"#bow"}}},{"name":"bow_17","from":[6,4,7.5],"to":[7,5,8.5],"faces":{"north":{"uv":[6,12,7,11],"rotation":180,"texture":"#bow"},"east":{"uv":[6,11,7,12],"texture":"#bow"},"south":{"uv":[6,11,7,12],"texture":"#bow"},"west":{"uv":[6,11,7,12],"texture":"#bow"},"up":{"uv":[7,11,6,12],"rotation":180,"texture":"#bow"},"down":{"uv":[6,11,7,12],"texture":"#bow"}}},{"name":"bow_18","from":[5,3,7.5],"to":[6,4,8.5],"faces":{"north":{"uv":[5,13,6,12],"rotation":180,"texture":"#bow"},"east":{"uv":[5,12,6,13],"texture":"#bow"},"south":{"uv":[5,12,6,13],"texture":"#bow"},"west":{"uv":[5,12,6,13],"texture":"#bow"},"up":{"uv":[6,12,5,13],"rotation":180,"texture":"#bow"},"down":{"uv":[5,12,6,13],"texture":"#bow"}}},{"name":"bow_19","from":[4,2,7.5],"to":[5,3,8.5],"faces":{"north":{"uv":[4,14,5,13],"rotation":180,"texture":"#bow"},"east":{"uv":[4,13,5,14],"texture":"#bow"},"south":{"uv":[4,13,5,14],"texture":"#bow"},"up":{"uv":[5,13,4,14],"rotation":180,"texture":"#bow"},"down":{"uv":[4,13,5,14],"texture":"#bow"}}},{"name":"bow_20","from":[2,0,7.5],"to":[3,1,8.5],"faces":{"north":{"uv":[2,16,3,15],"rotation":180,"texture":"#bow"},"east":{"uv":[2,15,3,16],"texture":"#bow"},"south":{"uv":[2,15,3,16],"texture":"#bow"},"west":{"uv":[2,15,3,16],"texture":"#bow"},"down":{"uv":[2,15,3,16],"texture":"#bow"}}}],"overrides":[{"predicate":{"pulling":1},"model":"item/bow_pulling_0"},{"predicate":{"pulling":1,"pull":0.65},"model":"item/bow_pulling_1"},{"predicate":{"pulling":1,"pull":0.9},"model":"item/bow_pulling_2"}],"display":{"thirdperson_righthand":{"rotation":[0,-90,40],"translation":[0,-2,2.5],"scale":[0.85,0.85,0.85]},"thirdperson_lefthand":{"rotation":[0,90,-40],"translation":[0,-2,2.5],"scale":[0.85,0.85,0.85]},"firstperson_righthand":{"rotation":[0,-90,25],"translation":[1.13,2.5,1.13],"scale":[0.68,0.68,0.68]},"firstperson_lefthand":{"rotation":[0,90,-25],"translation":[1.13,2.5,1.13],"scale":[0.68,0.68,0.68]},"ground":{"translation":[0,3,0],"scale":[0.5,0.5,0.5]},"gui":{"translation":[0,0.5,0],"scale":[1,1,0.85]},"head":{"rotation":[0,180,0],"translation":[0,13,7]},"fixed":{"rotation":[0,0,270],"scale":[1.02,1.02,1.02]}}}