{"display":{"thirdperson_righthand":{"rotation":[-90,0,-60],"translation":[2,0.1,-3],"scale":[0.9,0.9,0.9]},"thirdperson_lefthand":{"rotation":[-90,0,30],"translation":[2,0.1,-3],"scale":[0.9,0.9,0.9]},"firstperson_righthand":{"rotation":[-90,0,-55],"translation":[1.13,3.2,1.13],"scale":[0.68,0.68,0.68]},"firstperson_lefthand":{"rotation":[-90,0,35],"translation":[1.13,3.2,1.13],"scale":[0.68,0.68,0.68]},"fixed":{"rotation":[0,0,270],"translation":[0,0,0],"scale":[1.02,1.02,1.02]}},"gui_light":"front","textures":{"0":"item/crossbow_arrow","particle":"item/crossbow_arrow"},"elements":[{"name":"crossbow_arrow_0","from":[12,15,7.5],"to":[13,16,8.5],"faces":{"north":{"uv":[12,1,13,0],"rotation":180,"texture":"#0"},"east":{"uv":[12,0,13,1],"texture":"#0"},"south":{"uv":[12,0,13,1],"texture":"#0"},"west":{"uv":[12,0,13,1],"texture":"#0"},"up":{"uv":[13,0,12,1],"rotation":180,"texture":"#0"},"down":{"uv":[12,0,13,1],"texture":"#0"}}},{"name":"crossbow_arrow_1","from":[8,14,7.5],"to":[9,15,8.5],"faces":{"north":{"uv":[8,2,9,1],"rotation":180,"texture":"#0"},"east":{"uv":[8,1,9,2],"texture":"#0"},"south":{"uv":[8,1,9,2],"texture":"#0"},"west":{"uv":[8,1,9,2],"texture":"#0"},"up":{"uv":[9,1,8,2],"rotation":180,"texture":"#0"},"down":{"uv":[8,1,9,2],"texture":"#0"}}},{"name":"crossbow_arrow_2","from":[9,14,7.5],"to":[10,15,8.5],"faces":{"north":{"uv":[9,2,10,1],"rotation":180,"texture":"#0"},"east":{"uv":[9,1,10,2],"texture":"#0"},"south":{"uv":[9,1,10,2],"texture":"#0"},"west":{"uv":[9,1,10,2],"texture":"#0"},"up":{"uv":[10,1,9,2],"rotation":180,"texture":"#0"},"down":{"uv":[9,1,10,2],"texture":"#0"}}},{"name":"crossbow_arrow_3","from":[10,14,7.5],"to":[11,15,8.5],"faces":{"north":{"uv":[10,2,11,1],"rotation":180,"texture":"#0"},"east":{"uv":[10,1,11,2],"texture":"#0"},"south":{"uv":[10,1,11,2],"texture":"#0"},"west":{"uv":[10,1,11,2],"texture":"#0"},"up":{"uv":[11,1,10,2],"rotation":180,"texture":"#0"},"down":{"uv":[10,1,11,2],"texture":"#0"}}},{"name":"crossbow_arrow_4","from":[11,14,7.5],"to":[12,15,8.5],"faces":{"north":{"uv":[11,2,12,1],"rotation":180,"texture":"#0"},"east":{"uv":[11,1,12,2],"texture":"#0"},"south":{"uv":[11,1,12,2],"texture":"#0"},"west":{"uv":[11,1,12,2],"texture":"#0"},"up":{"uv":[12,1,11,2],"rotation":180,"texture":"#0"},"down":{"uv":[11,1,12,2],"texture":"#0"}}},{"name":"crossbow_arrow_5","from":[12,14,7.5],"to":[13,15,8.5],"faces":{"north":{"uv":[12,2,13,1],"rotation":180,"texture":"#0"},"east":{"uv":[12,1,13,2],"texture":"#0"},"south":{"uv":[12,1,13,2],"texture":"#0"},"west":{"uv":[12,1,13,2],"texture":"#0"},"up":{"uv":[13,1,12,2],"rotation":180,"texture":"#0"},"down":{"uv":[12,1,13,2],"texture":"#0"}}},{"name":"crossbow_arrow_6","from":[13,14,7.5],"to":[14,15,8.5],"faces":{"north":{"uv":[13,2,14,1],"rotation":180,"texture":"#0"},"east":{"uv":[13,1,14,2],"texture":"#0"},"south":{"uv":[13,1,14,2],"texture":"#0"},"west":{"uv":[13,1,14,2],"texture":"#0"},"up":{"uv":[14,1,13,2],"rotation":180,"texture":"#0"},"down":{"uv":[13,1,14,2],"texture":"#0"}}},{"name":"crossbow_arrow_7","from":[2,13,7.5],"to":[3,14,8.5],"faces":{"north":{"uv":[2,3,3,2],"rotation":180,"texture":"#0"},"east":{"uv":[2,2,3,3],"texture":"#0"},"south":{"uv":[2,2,3,3],"texture":"#0"},"west":{"uv":[2,2,3,3],"texture":"#0"},"up":{"uv":[3,2,2,3],"rotation":180,"texture":"#0"},"down":{"uv":[2,2,3,3],"texture":"#0"}}},{"name":"crossbow_arrow_8","from":[3,13,7.5],"to":[4,14,8.5],"faces":{"north":{"uv":[3,3,4,2],"rotation":180,"texture":"#0"},"east":{"uv":[3,2,4,3],"texture":"#0"},"south":{"uv":[3,2,4,3],"texture":"#0"},"west":{"uv":[3,2,4,3],"texture":"#0"},"up":{"uv":[4,2,3,3],"rotation":180,"texture":"#0"},"down":{"uv":[3,2,4,3],"texture":"#0"}}},{"name":"crossbow_arrow_9","from":[4,13,7.5],"to":[5,14,8.5],"faces":{"north":{"uv":[4,3,5,2],"rotation":180,"texture":"#0"},"east":{"uv":[4,2,5,3],"texture":"#0"},"south":{"uv":[4,2,5,3],"texture":"#0"},"west":{"uv":[4,2,5,3],"texture":"#0"},"up":{"uv":[5,2,4,3],"rotation":180,"texture":"#0"},"down":{"uv":[4,2,5,3],"texture":"#0"}}},{"name":"crossbow_arrow_10","from":[6,13,7.5],"to":[7,14,8.5],"faces":{"north":{"uv":[6,3,7,2],"rotation":180,"texture":"#0"},"east":{"uv":[6,2,7,3],"texture":"#0"},"south":{"uv":[6,2,7,3],"texture":"#0"},"west":{"uv":[6,2,7,3],"texture":"#0"},"up":{"uv":[7,2,6,3],"rotation":180,"texture":"#0"},"down":{"uv":[6,2,7,3],"texture":"#0"}}},{"name":"crossbow_arrow_11","from":[7,13,7.5],"to":[8,14,8.5],"faces":{"north":{"uv":[7,3,8,2],"rotation":180,"texture":"#0"},"east":{"uv":[7,2,8,3],"texture":"#0"},"south":{"uv":[7,2,8,3],"texture":"#0"},"west":{"uv":[7,2,8,3],"texture":"#0"},"up":{"uv":[8,2,7,3],"rotation":180,"texture":"#0"},"down":{"uv":[7,2,8,3],"texture":"#0"}}},{"name":"crossbow_arrow_12","from":[8,13,7.5],"to":[9,14,8.5],"faces":{"north":{"uv":[8,3,9,2],"rotation":180,"texture":"#0"},"east":{"uv":[8,2,9,3],"texture":"#0"},"south":{"uv":[8,2,9,3],"texture":"#0"},"west":{"uv":[8,2,9,3],"texture":"#0"},"up":{"uv":[9,2,8,3],"rotation":180,"texture":"#0"},"down":{"uv":[8,2,9,3],"texture":"#0"}}},{"name":"crossbow_arrow_13","from":[9,13,7.5],"to":[10,14,8.5],"faces":{"north":{"uv":[9,3,10,2],"rotation":180,"texture":"#0"},"east":{"uv":[9,2,10,3],"texture":"#0"},"south":{"uv":[9,2,10,3],"texture":"#0"},"west":{"uv":[9,2,10,3],"texture":"#0"},"up":{"uv":[10,2,9,3],"rotation":180,"texture":"#0"},"down":{"uv":[9,2,10,3],"texture":"#0"}}},{"name":"crossbow_arrow_14","from":[10,13,7.5],"to":[11,14,8.5],"faces":{"north":{"uv":[10,3,11,2],"rotation":180,"texture":"#0"},"east":{"uv":[10,2,11,3],"texture":"#0"},"south":{"uv":[10,2,11,3],"texture":"#0"},"west":{"uv":[10,2,11,3],"texture":"#0"},"up":{"uv":[11,2,10,3],"rotation":180,"texture":"#0"},"down":{"uv":[10,2,11,3],"texture":"#0"}}},{"name":"crossbow_arrow_15","from":[11,13,7.5],"to":[12,14,8.5],"faces":{"north":{"uv":[11,3,12,2],"rotation":180,"texture":"#0"},"east":{"uv":[11,2,12,3],"texture":"#0"},"south":{"uv":[11,2,12,3],"texture":"#0"},"west":{"uv":[11,2,12,3],"texture":"#0"},"up":{"uv":[12,2,11,3],"rotation":180,"texture":"#0"},"down":{"uv":[11,2,12,3],"texture":"#0"}}},{"name":"crossbow_arrow_16","from":[12,13,7.5],"to":[13,14,8.5],"faces":{"north":{"uv":[12,3,13,2],"rotation":180,"texture":"#0"},"east":{"uv":[12,2,13,3],"texture":"#0"},"south":{"uv":[12,2,13,3],"texture":"#0"},"west":{"uv":[12,2,13,3],"texture":"#0"},"up":{"uv":[13,2,12,3],"rotation":180,"texture":"#0"},"down":{"uv":[12,2,13,3],"texture":"#0"}}},{"name":"crossbow_arrow_17","from":[13,13,7.5],"to":[14,14,8.5],"faces":{"north":{"uv":[13,3,14,2],"rotation":180,"texture":"#0"},"east":{"uv":[13,2,14,3],"texture":"#0"},"south":{"uv":[13,2,14,3],"texture":"#0"},"west":{"uv":[13,2,14,3],"texture":"#0"},"up":{"uv":[14,2,13,3],"rotation":180,"texture":"#0"},"down":{"uv":[13,2,14,3],"texture":"#0"}}},{"name":"crossbow_arrow_18","from":[2,12,7.5],"to":[3,13,8.5],"faces":{"north":{"uv":[2,4,3,3],"rotation":180,"texture":"#0"},"east":{"uv":[2,3,3,4],"texture":"#0"},"south":{"uv":[2,3,3,4],"texture":"#0"},"west":{"uv":[2,3,3,4],"texture":"#0"},"up":{"uv":[3,3,2,4],"rotation":180,"texture":"#0"},"down":{"uv":[2,3,3,4],"texture":"#0"}}},{"name":"crossbow_arrow_19","from":[3,12,7.5],"to":[4,13,8.5],"faces":{"north":{"uv":[3,4,4,3],"rotation":180,"texture":"#0"},"east":{"uv":[3,3,4,4],"texture":"#0"},"south":{"uv":[3,3,4,4],"texture":"#0"},"west":{"uv":[3,3,4,4],"texture":"#0"},"up":{"uv":[4,3,3,4],"rotation":180,"texture":"#0"},"down":{"uv":[3,3,4,4],"texture":"#0"}}},{"name":"crossbow_arrow_20","from":[4,12,7.5],"to":[5,13,8.5],"faces":{"north":{"uv":[4,4,5,3],"rotation":180,"texture":"#0"},"east":{"uv":[4,3,5,4],"texture":"#0"},"south":{"uv":[4,3,5,4],"texture":"#0"},"west":{"uv":[4,3,5,4],"texture":"#0"},"up":{"uv":[5,3,4,4],"rotation":180,"texture":"#0"},"down":{"uv":[4,3,5,4],"texture":"#0"}}},{"name":"crossbow_arrow_21","from":[5,12,7.5],"to":[6,13,8.5],"faces":{"north":{"uv":[5,4,6,3],"rotation":180,"texture":"#0"},"east":{"uv":[5,3,6,4],"texture":"#0"},"south":{"uv":[5,3,6,4],"texture":"#0"},"west":{"uv":[5,3,6,4],"texture":"#0"},"up":{"uv":[6,3,5,4],"rotation":180,"texture":"#0"},"down":{"uv":[5,3,6,4],"texture":"#0"}}},{"name":"crossbow_arrow_22","from":[6,12,7.5],"to":[7,13,8.5],"faces":{"north":{"uv":[6,4,7,3],"rotation":180,"texture":"#0"},"east":{"uv":[6,3,7,4],"texture":"#0"},"south":{"uv":[6,3,7,4],"texture":"#0"},"west":{"uv":[6,3,7,4],"texture":"#0"},"up":{"uv":[7,3,6,4],"rotation":180,"texture":"#0"},"down":{"uv":[6,3,7,4],"texture":"#0"}}},{"name":"crossbow_arrow_23","from":[7,12,7.5],"to":[8,13,8.5],"faces":{"north":{"uv":[7,4,8,3],"rotation":180,"texture":"#0"},"east":{"uv":[7,3,8,4],"texture":"#0"},"south":{"uv":[7,3,8,4],"texture":"#0"},"west":{"uv":[7,3,8,4],"texture":"#0"},"up":{"uv":[8,3,7,4],"rotation":180,"texture":"#0"},"down":{"uv":[7,3,8,4],"texture":"#0"}}},{"name":"crossbow_arrow_24","from":[8,12,7.5],"to":[9,13,8.5],"faces":{"north":{"uv":[8,4,9,3],"rotation":180,"texture":"#0"},"east":{"uv":[8,3,9,4],"texture":"#0"},"south":{"uv":[8,3,9,4],"texture":"#0"},"west":{"uv":[8,3,9,4],"texture":"#0"},"up":{"uv":[9,3,8,4],"rotation":180,"texture":"#0"},"down":{"uv":[8,3,9,4],"texture":"#0"}}},{"name":"crossbow_arrow_25","from":[9,12,7.5],"to":[10,13,8.5],"faces":{"north":{"uv":[9,4,10,3],"rotation":180,"texture":"#0"},"east":{"uv":[9,3,10,4],"texture":"#0"},"south":{"uv":[9,3,10,4],"texture":"#0"},"west":{"uv":[9,3,10,4],"texture":"#0"},"up":{"uv":[10,3,9,4],"rotation":180,"texture":"#0"},"down":{"uv":[9,3,10,4],"texture":"#0"}}},{"name":"crossbow_arrow_26","from":[10,12,7.5],"to":[11,13,8.5],"faces":{"north":{"uv":[10,4,11,3],"rotation":180,"texture":"#0"},"east":{"uv":[10,3,11,4],"texture":"#0"},"south":{"uv":[10,3,11,4],"texture":"#0"},"west":{"uv":[10,3,11,4],"texture":"#0"},"up":{"uv":[11,3,10,4],"rotation":180,"texture":"#0"},"down":{"uv":[10,3,11,4],"texture":"#0"}}},{"name":"crossbow_arrow_27","from":[12,12,7.5],"to":[13,13,8.5],"faces":{"north":{"uv":[12,4,13,3],"rotation":180,"texture":"#0"},"east":{"uv":[12,3,13,4],"texture":"#0"},"south":{"uv":[12,3,13,4],"texture":"#0"},"west":{"uv":[12,3,13,4],"texture":"#0"},"up":{"uv":[13,3,12,4],"rotation":180,"texture":"#0"},"down":{"uv":[12,3,13,4],"texture":"#0"}}},{"name":"crossbow_arrow_28","from":[2,11,7.5],"to":[3,12,8.5],"faces":{"north":{"uv":[2,5,3,4],"rotation":180,"texture":"#0"},"east":{"uv":[2,4,3,5],"texture":"#0"},"south":{"uv":[2,4,3,5],"texture":"#0"},"west":{"uv":[2,4,3,5],"texture":"#0"},"up":{"uv":[3,4,2,5],"rotation":180,"texture":"#0"},"down":{"uv":[2,4,3,5],"texture":"#0"}}},{"name":"crossbow_arrow_29","from":[3,11,7.5],"to":[4,12,8.5],"faces":{"north":{"uv":[3,5,4,4],"rotation":180,"texture":"#0"},"east":{"uv":[3,4,4,5],"texture":"#0"},"south":{"uv":[3,4,4,5],"texture":"#0"},"west":{"uv":[3,4,4,5],"texture":"#0"},"up":{"uv":[4,4,3,5],"rotation":180,"texture":"#0"},"down":{"uv":[3,4,4,5],"texture":"#0"}}},{"name":"crossbow_arrow_30","from":[4,11,7.5],"to":[5,12,8.5],"faces":{"north":{"uv":[4,5,5,4],"rotation":180,"texture":"#0"},"east":{"uv":[4,4,5,5],"texture":"#0"},"south":{"uv":[4,4,5,5],"texture":"#0"},"west":{"uv":[4,4,5,5],"texture":"#0"},"up":{"uv":[5,4,4,5],"rotation":180,"texture":"#0"},"down":{"uv":[4,4,5,5],"texture":"#0"}}},{"name":"crossbow_arrow_31","from":[5,11,7.5],"to":[6,12,8.5],"faces":{"north":{"uv":[5,5,6,4],"rotation":180,"texture":"#0"},"east":{"uv":[5,4,6,5],"texture":"#0"},"south":{"uv":[5,4,6,5],"texture":"#0"},"west":{"uv":[5,4,6,5],"texture":"#0"},"up":{"uv":[6,4,5,5],"rotation":180,"texture":"#0"},"down":{"uv":[5,4,6,5],"texture":"#0"}}},{"name":"crossbow_arrow_32","from":[6,11,7.5],"to":[7,12,8.5],"faces":{"north":{"uv":[6,5,7,4],"rotation":180,"texture":"#0"},"east":{"uv":[6,4,7,5],"texture":"#0"},"south":{"uv":[6,4,7,5],"texture":"#0"},"west":{"uv":[6,4,7,5],"texture":"#0"},"up":{"uv":[7,4,6,5],"rotation":180,"texture":"#0"},"down":{"uv":[6,4,7,5],"texture":"#0"}}},{"name":"crossbow_arrow_33","from":[7,11,7.5],"to":[8,12,8.5],"faces":{"north":{"uv":[7,5,8,4],"rotation":180,"texture":"#0"},"east":{"uv":[7,4,8,5],"texture":"#0"},"south":{"uv":[7,4,8,5],"texture":"#0"},"west":{"uv":[7,4,8,5],"texture":"#0"},"up":{"uv":[8,4,7,5],"rotation":180,"texture":"#0"},"down":{"uv":[7,4,8,5],"texture":"#0"}}},{"name":"crossbow_arrow_34","from":[12,11,7.5],"to":[13,12,8.5],"faces":{"north":{"uv":[12,5,13,4],"rotation":180,"texture":"#0"},"east":{"uv":[12,4,13,5],"texture":"#0"},"south":{"uv":[12,4,13,5],"texture":"#0"},"west":{"uv":[12,4,13,5],"texture":"#0"},"up":{"uv":[13,4,12,5],"rotation":180,"texture":"#0"},"down":{"uv":[12,4,13,5],"texture":"#0"}}},{"name":"crossbow_arrow_35","from":[3,10,7.5],"to":[4,11,8.5],"faces":{"north":{"uv":[3,6,4,5],"rotation":180,"texture":"#0"},"east":{"uv":[3,5,4,6],"texture":"#0"},"south":{"uv":[3,5,4,6],"texture":"#0"},"west":{"uv":[3,5,4,6],"texture":"#0"},"up":{"uv":[4,5,3,6],"rotation":180,"texture":"#0"},"down":{"uv":[3,5,4,6],"texture":"#0"}}},{"name":"crossbow_arrow_36","from":[4,10,7.5],"to":[5,11,8.5],"faces":{"north":{"uv":[4,6,5,5],"rotation":180,"texture":"#0"},"east":{"uv":[4,5,5,6],"texture":"#0"},"south":{"uv":[4,5,5,6],"texture":"#0"},"west":{"uv":[4,5,5,6],"texture":"#0"},"up":{"uv":[5,5,4,6],"rotation":180,"texture":"#0"},"down":{"uv":[4,5,5,6],"texture":"#0"}}},{"name":"crossbow_arrow_37","from":[5,10,7.5],"to":[6,11,8.5],"faces":{"north":{"uv":[5,6,6,5],"rotation":180,"texture":"#0"},"east":{"uv":[5,5,6,6],"texture":"#0"},"south":{"uv":[5,5,6,6],"texture":"#0"},"west":{"uv":[5,5,6,6],"texture":"#0"},"up":{"uv":[6,5,5,6],"rotation":180,"texture":"#0"},"down":{"uv":[5,5,6,6],"texture":"#0"}}},{"name":"crossbow_arrow_38","from":[6,10,7.5],"to":[7,11,8.5],"faces":{"north":{"uv":[6,6,7,5],"rotation":180,"texture":"#0"},"east":{"uv":[6,5,7,6],"texture":"#0"},"south":{"uv":[6,5,7,6],"texture":"#0"},"west":{"uv":[6,5,7,6],"texture":"#0"},"up":{"uv":[7,5,6,6],"rotation":180,"texture":"#0"},"down":{"uv":[6,5,7,6],"texture":"#0"}}},{"name":"crossbow_arrow_39","from":[7,10,7.5],"to":[8,11,8.5],"faces":{"north":{"uv":[7,6,8,5],"rotation":180,"texture":"#0"},"east":{"uv":[7,5,8,6],"texture":"#0"},"south":{"uv":[7,5,8,6],"texture":"#0"},"west":{"uv":[7,5,8,6],"texture":"#0"},"up":{"uv":[8,5,7,6],"rotation":180,"texture":"#0"},"down":{"uv":[7,5,8,6],"texture":"#0"}}},{"name":"crossbow_arrow_40","from":[8,10,7.5],"to":[9,11,8.5],"faces":{"north":{"uv":[8,6,9,5],"rotation":180,"texture":"#0"},"east":{"uv":[8,5,9,6],"texture":"#0"},"south":{"uv":[8,5,9,6],"texture":"#0"},"west":{"uv":[8,5,9,6],"texture":"#0"},"up":{"uv":[9,5,8,6],"rotation":180,"texture":"#0"},"down":{"uv":[8,5,9,6],"texture":"#0"}}},{"name":"crossbow_arrow_41","from":[12,10,7.5],"to":[13,11,8.5],"faces":{"north":{"uv":[12,6,13,5],"rotation":180,"texture":"#0"},"east":{"uv":[12,5,13,6],"texture":"#0"},"south":{"uv":[12,5,13,6],"texture":"#0"},"west":{"uv":[12,5,13,6],"texture":"#0"},"up":{"uv":[13,5,12,6],"rotation":180,"texture":"#0"},"down":{"uv":[12,5,13,6],"texture":"#0"}}},{"name":"crossbow_arrow_42","from":[2,9,7.5],"to":[3,10,8.5],"faces":{"north":{"uv":[2,7,3,6],"rotation":180,"texture":"#0"},"east":{"uv":[2,6,3,7],"texture":"#0"},"south":{"uv":[2,6,3,7],"texture":"#0"},"west":{"uv":[2,6,3,7],"texture":"#0"},"up":{"uv":[3,6,2,7],"rotation":180,"texture":"#0"},"down":{"uv":[2,6,3,7],"texture":"#0"}}},{"name":"crossbow_arrow_43","from":[3,9,7.5],"to":[4,10,8.5],"faces":{"north":{"uv":[3,7,4,6],"rotation":180,"texture":"#0"},"east":{"uv":[3,6,4,7],"texture":"#0"},"south":{"uv":[3,6,4,7],"texture":"#0"},"west":{"uv":[3,6,4,7],"texture":"#0"},"up":{"uv":[4,6,3,7],"rotation":180,"texture":"#0"},"down":{"uv":[3,6,4,7],"texture":"#0"}}},{"name":"crossbow_arrow_44","from":[4,9,7.5],"to":[5,10,8.5],"faces":{"north":{"uv":[4,7,5,6],"rotation":180,"texture":"#0"},"east":{"uv":[4,6,5,7],"texture":"#0"},"south":{"uv":[4,6,5,7],"texture":"#0"},"west":{"uv":[4,6,5,7],"texture":"#0"},"up":{"uv":[5,6,4,7],"rotation":180,"texture":"#0"},"down":{"uv":[4,6,5,7],"texture":"#0"}}},{"name":"crossbow_arrow_45","from":[5,9,7.5],"to":[6,10,8.5],"faces":{"north":{"uv":[5,7,6,6],"rotation":180,"texture":"#0"},"east":{"uv":[5,6,6,7],"texture":"#0"},"south":{"uv":[5,6,6,7],"texture":"#0"},"west":{"uv":[5,6,6,7],"texture":"#0"},"up":{"uv":[6,6,5,7],"rotation":180,"texture":"#0"},"down":{"uv":[5,6,6,7],"texture":"#0"}}},{"name":"crossbow_arrow_46","from":[6,9,7.5],"to":[7,10,8.5],"faces":{"north":{"uv":[6,7,7,6],"rotation":180,"texture":"#0"},"east":{"uv":[6,6,7,7],"texture":"#0"},"south":{"uv":[6,6,7,7],"texture":"#0"},"west":{"uv":[6,6,7,7],"texture":"#0"},"up":{"uv":[7,6,6,7],"rotation":180,"texture":"#0"},"down":{"uv":[6,6,7,7],"texture":"#0"}}},{"name":"crossbow_arrow_47","from":[7,9,7.5],"to":[8,10,8.5],"faces":{"north":{"uv":[7,7,8,6],"rotation":180,"texture":"#0"},"east":{"uv":[7,6,8,7],"texture":"#0"},"south":{"uv":[7,6,8,7],"texture":"#0"},"west":{"uv":[7,6,8,7],"texture":"#0"},"up":{"uv":[8,6,7,7],"rotation":180,"texture":"#0"},"down":{"uv":[7,6,8,7],"texture":"#0"}}},{"name":"crossbow_arrow_48","from":[8,9,7.5],"to":[9,10,8.5],"faces":{"north":{"uv":[8,7,9,6],"rotation":180,"texture":"#0"},"east":{"uv":[8,6,9,7],"texture":"#0"},"south":{"uv":[8,6,9,7],"texture":"#0"},"west":{"uv":[8,6,9,7],"texture":"#0"},"up":{"uv":[9,6,8,7],"rotation":180,"texture":"#0"},"down":{"uv":[8,6,9,7],"texture":"#0"}}},{"name":"crossbow_arrow_49","from":[9,9,7.5],"to":[10,10,8.5],"faces":{"north":{"uv":[9,7,10,6],"rotation":180,"texture":"#0"},"east":{"uv":[9,6,10,7],"texture":"#0"},"south":{"uv":[9,6,10,7],"texture":"#0"},"west":{"uv":[9,6,10,7],"texture":"#0"},"up":{"uv":[10,6,9,7],"rotation":180,"texture":"#0"},"down":{"uv":[9,6,10,7],"texture":"#0"}}},{"name":"crossbow_arrow_50","from":[12,9,7.5],"to":[13,10,8.5],"faces":{"north":{"uv":[12,7,13,6],"rotation":180,"texture":"#0"},"east":{"uv":[12,6,13,7],"texture":"#0"},"south":{"uv":[12,6,13,7],"texture":"#0"},"west":{"uv":[12,6,13,7],"texture":"#0"},"up":{"uv":[13,6,12,7],"rotation":180,"texture":"#0"},"down":{"uv":[12,6,13,7],"texture":"#0"}}},{"name":"crossbow_arrow_51","from":[2,8,7.5],"to":[3,9,8.5],"faces":{"north":{"uv":[2,8,3,7],"rotation":180,"texture":"#0"},"east":{"uv":[2,7,3,8],"texture":"#0"},"south":{"uv":[2,7,3,8],"texture":"#0"},"west":{"uv":[2,7,3,8],"texture":"#0"},"up":{"uv":[3,7,2,8],"rotation":180,"texture":"#0"},"down":{"uv":[2,7,3,8],"texture":"#0"}}},{"name":"crossbow_arrow_52","from":[3,8,7.5],"to":[4,9,8.5],"faces":{"north":{"uv":[3,8,4,7],"rotation":180,"texture":"#0"},"east":{"uv":[3,7,4,8],"texture":"#0"},"south":{"uv":[3,7,4,8],"texture":"#0"},"west":{"uv":[3,7,4,8],"texture":"#0"},"up":{"uv":[4,7,3,8],"rotation":180,"texture":"#0"},"down":{"uv":[3,7,4,8],"texture":"#0"}}},{"name":"crossbow_arrow_53","from":[4,8,7.5],"to":[5,9,8.5],"faces":{"north":{"uv":[4,8,5,7],"rotation":180,"texture":"#0"},"east":{"uv":[4,7,5,8],"texture":"#0"},"south":{"uv":[4,7,5,8],"texture":"#0"},"west":{"uv":[4,7,5,8],"texture":"#0"},"up":{"uv":[5,7,4,8],"rotation":180,"texture":"#0"},"down":{"uv":[4,7,5,8],"texture":"#0"}}},{"name":"crossbow_arrow_54","from":[5,8,7.5],"to":[6,9,8.5],"faces":{"north":{"uv":[5,8,6,7],"rotation":180,"texture":"#0"},"east":{"uv":[5,7,6,8],"texture":"#0"},"south":{"uv":[5,7,6,8],"texture":"#0"},"west":{"uv":[5,7,6,8],"texture":"#0"},"up":{"uv":[6,7,5,8],"rotation":180,"texture":"#0"},"down":{"uv":[5,7,6,8],"texture":"#0"}}},{"name":"crossbow_arrow_55","from":[6,8,7.5],"to":[7,9,8.5],"faces":{"north":{"uv":[6,8,7,7],"rotation":180,"texture":"#0"},"east":{"uv":[6,7,7,8],"texture":"#0"},"south":{"uv":[6,7,7,8],"texture":"#0"},"west":{"uv":[6,7,7,8],"texture":"#0"},"up":{"uv":[7,7,6,8],"rotation":180,"texture":"#0"},"down":{"uv":[6,7,7,8],"texture":"#0"}}},{"name":"crossbow_arrow_56","from":[7,8,7.5],"to":[8,9,8.5],"faces":{"north":{"uv":[7,8,8,7],"rotation":180,"texture":"#0"},"east":{"uv":[7,7,8,8],"texture":"#0"},"south":{"uv":[7,7,8,8],"texture":"#0"},"west":{"uv":[7,7,8,8],"texture":"#0"},"up":{"uv":[8,7,7,8],"rotation":180,"texture":"#0"},"down":{"uv":[7,7,8,8],"texture":"#0"}}},{"name":"crossbow_arrow_57","from":[8,8,7.5],"to":[9,9,8.5],"faces":{"north":{"uv":[8,8,9,7],"rotation":180,"texture":"#0"},"east":{"uv":[8,7,9,8],"texture":"#0"},"south":{"uv":[8,7,9,8],"texture":"#0"},"west":{"uv":[8,7,9,8],"texture":"#0"},"up":{"uv":[9,7,8,8],"rotation":180,"texture":"#0"},"down":{"uv":[8,7,9,8],"texture":"#0"}}},{"name":"crossbow_arrow_58","from":[9,8,7.5],"to":[10,9,8.5],"faces":{"north":{"uv":[9,8,10,7],"rotation":180,"texture":"#0"},"east":{"uv":[9,7,10,8],"texture":"#0"},"south":{"uv":[9,7,10,8],"texture":"#0"},"west":{"uv":[9,7,10,8],"texture":"#0"},"up":{"uv":[10,7,9,8],"rotation":180,"texture":"#0"},"down":{"uv":[9,7,10,8],"texture":"#0"}}},{"name":"crossbow_arrow_59","from":[10,8,7.5],"to":[11,9,8.5],"faces":{"north":{"uv":[10,8,11,7],"rotation":180,"texture":"#0"},"east":{"uv":[10,7,11,8],"texture":"#0"},"south":{"uv":[10,7,11,8],"texture":"#0"},"west":{"uv":[10,7,11,8],"texture":"#0"},"up":{"uv":[11,7,10,8],"rotation":180,"texture":"#0"},"down":{"uv":[10,7,11,8],"texture":"#0"}}},{"name":"crossbow_arrow_60","from":[12,8,7.5],"to":[13,9,8.5],"faces":{"north":{"uv":[12,8,13,7],"rotation":180,"texture":"#0"},"east":{"uv":[12,7,13,8],"texture":"#0"},"south":{"uv":[12,7,13,8],"texture":"#0"},"west":{"uv":[12,7,13,8],"texture":"#0"},"up":{"uv":[13,7,12,8],"rotation":180,"texture":"#0"},"down":{"uv":[12,7,13,8],"texture":"#0"}}},{"name":"crossbow_arrow_61","from":[1,7,7.5],"to":[2,8,8.5],"faces":{"north":{"uv":[1,9,2,8],"rotation":180,"texture":"#0"},"east":{"uv":[1,8,2,9],"texture":"#0"},"south":{"uv":[1,8,2,9],"texture":"#0"},"west":{"uv":[1,8,2,9],"texture":"#0"},"up":{"uv":[2,8,1,9],"rotation":180,"texture":"#0"},"down":{"uv":[1,8,2,9],"texture":"#0"}}},{"name":"crossbow_arrow_62","from":[2,7,7.5],"to":[3,8,8.5],"faces":{"north":{"uv":[2,9,3,8],"rotation":180,"texture":"#0"},"east":{"uv":[2,8,3,9],"texture":"#0"},"south":{"uv":[2,8,3,9],"texture":"#0"},"west":{"uv":[2,8,3,9],"texture":"#0"},"up":{"uv":[3,8,2,9],"rotation":180,"texture":"#0"},"down":{"uv":[2,8,3,9],"texture":"#0"}}},{"name":"crossbow_arrow_63","from":[3,7,7.5],"to":[4,8,8.5],"faces":{"north":{"uv":[3,9,4,8],"rotation":180,"texture":"#0"},"east":{"uv":[3,8,4,9],"texture":"#0"},"south":{"uv":[3,8,4,9],"texture":"#0"},"west":{"uv":[3,8,4,9],"texture":"#0"},"up":{"uv":[4,8,3,9],"rotation":180,"texture":"#0"},"down":{"uv":[3,8,4,9],"texture":"#0"}}},{"name":"crossbow_arrow_64","from":[5,7,7.5],"to":[6,8,8.5],"faces":{"north":{"uv":[5,9,6,8],"rotation":180,"texture":"#0"},"east":{"uv":[5,8,6,9],"texture":"#0"},"south":{"uv":[5,8,6,9],"texture":"#0"},"west":{"uv":[5,8,6,9],"texture":"#0"},"up":{"uv":[6,8,5,9],"rotation":180,"texture":"#0"},"down":{"uv":[5,8,6,9],"texture":"#0"}}},{"name":"crossbow_arrow_65","from":[6,7,7.5],"to":[7,8,8.5],"faces":{"north":{"uv":[6,9,7,8],"rotation":180,"texture":"#0"},"east":{"uv":[6,8,7,9],"texture":"#0"},"south":{"uv":[6,8,7,9],"texture":"#0"},"west":{"uv":[6,8,7,9],"texture":"#0"},"up":{"uv":[7,8,6,9],"rotation":180,"texture":"#0"},"down":{"uv":[6,8,7,9],"texture":"#0"}}},{"name":"crossbow_arrow_66","from":[7,7,7.5],"to":[8,8,8.5],"faces":{"north":{"uv":[7,9,8,8],"rotation":180,"texture":"#0"},"east":{"uv":[7,8,8,9],"texture":"#0"},"south":{"uv":[7,8,8,9],"texture":"#0"},"west":{"uv":[7,8,8,9],"texture":"#0"},"up":{"uv":[8,8,7,9],"rotation":180,"texture":"#0"},"down":{"uv":[7,8,8,9],"texture":"#0"}}},{"name":"crossbow_arrow_67","from":[8,7,7.5],"to":[9,8,8.5],"faces":{"north":{"uv":[8,9,9,8],"rotation":180,"texture":"#0"},"east":{"uv":[8,8,9,9],"texture":"#0"},"south":{"uv":[8,8,9,9],"texture":"#0"},"west":{"uv":[8,8,9,9],"texture":"#0"},"up":{"uv":[9,8,8,9],"rotation":180,"texture":"#0"},"down":{"uv":[8,8,9,9],"texture":"#0"}}},{"name":"crossbow_arrow_68","from":[9,7,7.5],"to":[10,8,8.5],"faces":{"north":{"uv":[9,9,10,8],"rotation":180,"texture":"#0"},"east":{"uv":[9,8,10,9],"texture":"#0"},"south":{"uv":[9,8,10,9],"texture":"#0"},"west":{"uv":[9,8,10,9],"texture":"#0"},"up":{"uv":[10,8,9,9],"rotation":180,"texture":"#0"},"down":{"uv":[9,8,10,9],"texture":"#0"}}},{"name":"crossbow_arrow_69","from":[10,7,7.5],"to":[11,8,8.5],"faces":{"north":{"uv":[10,9,11,8],"rotation":180,"texture":"#0"},"east":{"uv":[10,8,11,9],"texture":"#0"},"south":{"uv":[10,8,11,9],"texture":"#0"},"west":{"uv":[10,8,11,9],"texture":"#0"},"up":{"uv":[11,8,10,9],"rotation":180,"texture":"#0"},"down":{"uv":[10,8,11,9],"texture":"#0"}}},{"name":"crossbow_arrow_70","from":[11,7,7.5],"to":[12,8,8.5],"faces":{"north":{"uv":[11,9,12,8],"rotation":180,"texture":"#0"},"east":{"uv":[11,8,12,9],"texture":"#0"},"south":{"uv":[11,8,12,9],"texture":"#0"},"west":{"uv":[11,8,12,9],"texture":"#0"},"up":{"uv":[12,8,11,9],"rotation":180,"texture":"#0"},"down":{"uv":[11,8,12,9],"texture":"#0"}}},{"name":"crossbow_arrow_71","from":[12,7,7.5],"to":[13,8,8.5],"faces":{"north":{"uv":[12,9,13,8],"rotation":180,"texture":"#0"},"east":{"uv":[12,8,13,9],"texture":"#0"},"south":{"uv":[12,8,13,9],"texture":"#0"},"west":{"uv":[12,8,13,9],"texture":"#0"},"up":{"uv":[13,8,12,9],"rotation":180,"texture":"#0"},"down":{"uv":[12,8,13,9],"texture":"#0"}}},{"name":"crossbow_arrow_72","from":[1,6,7.5],"to":[2,7,8.5],"faces":{"north":{"uv":[1,10,2,9],"rotation":180,"texture":"#0"},"east":{"uv":[1,9,2,10],"texture":"#0"},"south":{"uv":[1,9,2,10],"texture":"#0"},"west":{"uv":[1,9,2,10],"texture":"#0"},"up":{"uv":[2,9,1,10],"rotation":180,"texture":"#0"},"down":{"uv":[1,9,2,10],"texture":"#0"}}},{"name":"crossbow_arrow_73","from":[2,6,7.5],"to":[3,7,8.5],"faces":{"north":{"uv":[2,10,3,9],"rotation":180,"texture":"#0"},"east":{"uv":[2,9,3,10],"texture":"#0"},"south":{"uv":[2,9,3,10],"texture":"#0"},"west":{"uv":[2,9,3,10],"texture":"#0"},"up":{"uv":[3,9,2,10],"rotation":180,"texture":"#0"},"down":{"uv":[2,9,3,10],"texture":"#0"}}},{"name":"crossbow_arrow_74","from":[3,6,7.5],"to":[4,7,8.5],"faces":{"north":{"uv":[3,10,4,9],"rotation":180,"texture":"#0"},"east":{"uv":[3,9,4,10],"texture":"#0"},"south":{"uv":[3,9,4,10],"texture":"#0"},"west":{"uv":[3,9,4,10],"texture":"#0"},"up":{"uv":[4,9,3,10],"rotation":180,"texture":"#0"},"down":{"uv":[3,9,4,10],"texture":"#0"}}},{"name":"crossbow_arrow_75","from":[6,6,7.5],"to":[7,7,8.5],"faces":{"north":{"uv":[6,10,7,9],"rotation":180,"texture":"#0"},"east":{"uv":[6,9,7,10],"texture":"#0"},"south":{"uv":[6,9,7,10],"texture":"#0"},"west":{"uv":[6,9,7,10],"texture":"#0"},"up":{"uv":[7,9,6,10],"rotation":180,"texture":"#0"},"down":{"uv":[6,9,7,10],"texture":"#0"}}},{"name":"crossbow_arrow_76","from":[7,6,7.5],"to":[8,7,8.5],"faces":{"north":{"uv":[7,10,8,9],"rotation":180,"texture":"#0"},"east":{"uv":[7,9,8,10],"texture":"#0"},"south":{"uv":[7,9,8,10],"texture":"#0"},"west":{"uv":[7,9,8,10],"texture":"#0"},"up":{"uv":[8,9,7,10],"rotation":180,"texture":"#0"},"down":{"uv":[7,9,8,10],"texture":"#0"}}},{"name":"crossbow_arrow_77","from":[8,6,7.5],"to":[9,7,8.5],"faces":{"north":{"uv":[8,10,9,9],"rotation":180,"texture":"#0"},"east":{"uv":[8,9,9,10],"texture":"#0"},"south":{"uv":[8,9,9,10],"texture":"#0"},"west":{"uv":[8,9,9,10],"texture":"#0"},"up":{"uv":[9,9,8,10],"rotation":180,"texture":"#0"},"down":{"uv":[8,9,9,10],"texture":"#0"}}},{"name":"crossbow_arrow_78","from":[9,6,7.5],"to":[10,7,8.5],"faces":{"north":{"uv":[9,10,10,9],"rotation":180,"texture":"#0"},"east":{"uv":[9,9,10,10],"texture":"#0"},"south":{"uv":[9,9,10,10],"texture":"#0"},"west":{"uv":[9,9,10,10],"texture":"#0"},"up":{"uv":[10,9,9,10],"rotation":180,"texture":"#0"},"down":{"uv":[9,9,10,10],"texture":"#0"}}},{"name":"crossbow_arrow_79","from":[10,6,7.5],"to":[11,7,8.5],"faces":{"north":{"uv":[10,10,11,9],"rotation":180,"texture":"#0"},"east":{"uv":[10,9,11,10],"texture":"#0"},"south":{"uv":[10,9,11,10],"texture":"#0"},"west":{"uv":[10,9,11,10],"texture":"#0"},"up":{"uv":[11,9,10,10],"rotation":180,"texture":"#0"},"down":{"uv":[10,9,11,10],"texture":"#0"}}},{"name":"crossbow_arrow_80","from":[11,6,7.5],"to":[12,7,8.5],"faces":{"north":{"uv":[11,10,12,9],"rotation":180,"texture":"#0"},"east":{"uv":[11,9,12,10],"texture":"#0"},"south":{"uv":[11,9,12,10],"texture":"#0"},"west":{"uv":[11,9,12,10],"texture":"#0"},"up":{"uv":[12,9,11,10],"rotation":180,"texture":"#0"},"down":{"uv":[11,9,12,10],"texture":"#0"}}},{"name":"crossbow_arrow_81","from":[12,6,7.5],"to":[13,7,8.5],"faces":{"north":{"uv":[12,10,13,9],"rotation":180,"texture":"#0"},"east":{"uv":[12,9,13,10],"texture":"#0"},"south":{"uv":[12,9,13,10],"texture":"#0"},"west":{"uv":[12,9,13,10],"texture":"#0"},"up":{"uv":[13,9,12,10],"rotation":180,"texture":"#0"},"down":{"uv":[12,9,13,10],"texture":"#0"}}},{"name":"crossbow_arrow_82","from":[1,5,7.5],"to":[2,6,8.5],"faces":{"north":{"uv":[1,11,2,10],"rotation":180,"texture":"#0"},"east":{"uv":[1,10,2,11],"texture":"#0"},"south":{"uv":[1,10,2,11],"texture":"#0"},"west":{"uv":[1,10,2,11],"texture":"#0"},"up":{"uv":[2,10,1,11],"rotation":180,"texture":"#0"},"down":{"uv":[1,10,2,11],"texture":"#0"}}},{"name":"crossbow_arrow_83","from":[2,5,7.5],"to":[3,6,8.5],"faces":{"north":{"uv":[2,11,3,10],"rotation":180,"texture":"#0"},"east":{"uv":[2,10,3,11],"texture":"#0"},"south":{"uv":[2,10,3,11],"texture":"#0"},"west":{"uv":[2,10,3,11],"texture":"#0"},"up":{"uv":[3,10,2,11],"rotation":180,"texture":"#0"},"down":{"uv":[2,10,3,11],"texture":"#0"}}},{"name":"crossbow_arrow_84","from":[7,5,7.5],"to":[8,6,8.5],"faces":{"north":{"uv":[7,11,8,10],"rotation":180,"texture":"#0"},"east":{"uv":[7,10,8,11],"texture":"#0"},"south":{"uv":[7,10,8,11],"texture":"#0"},"west":{"uv":[7,10,8,11],"texture":"#0"},"up":{"uv":[8,10,7,11],"rotation":180,"texture":"#0"},"down":{"uv":[7,10,8,11],"texture":"#0"}}},{"name":"crossbow_arrow_85","from":[8,5,7.5],"to":[9,6,8.5],"faces":{"north":{"uv":[8,11,9,10],"rotation":180,"texture":"#0"},"east":{"uv":[8,10,9,11],"texture":"#0"},"south":{"uv":[8,10,9,11],"texture":"#0"},"west":{"uv":[8,10,9,11],"texture":"#0"},"up":{"uv":[9,10,8,11],"rotation":180,"texture":"#0"},"down":{"uv":[8,10,9,11],"texture":"#0"}}},{"name":"crossbow_arrow_86","from":[9,5,7.5],"to":[10,6,8.5],"faces":{"north":{"uv":[9,11,10,10],"rotation":180,"texture":"#0"},"east":{"uv":[9,10,10,11],"texture":"#0"},"south":{"uv":[9,10,10,11],"texture":"#0"},"west":{"uv":[9,10,10,11],"texture":"#0"},"up":{"uv":[10,10,9,11],"rotation":180,"texture":"#0"},"down":{"uv":[9,10,10,11],"texture":"#0"}}},{"name":"crossbow_arrow_87","from":[10,5,7.5],"to":[11,6,8.5],"faces":{"north":{"uv":[10,11,11,10],"rotation":180,"texture":"#0"},"east":{"uv":[10,10,11,11],"texture":"#0"},"south":{"uv":[10,10,11,11],"texture":"#0"},"west":{"uv":[10,10,11,11],"texture":"#0"},"up":{"uv":[11,10,10,11],"rotation":180,"texture":"#0"},"down":{"uv":[10,10,11,11],"texture":"#0"}}},{"name":"crossbow_arrow_88","from":[11,5,7.5],"to":[12,6,8.5],"faces":{"north":{"uv":[11,11,12,10],"rotation":180,"texture":"#0"},"east":{"uv":[11,10,12,11],"texture":"#0"},"south":{"uv":[11,10,12,11],"texture":"#0"},"west":{"uv":[11,10,12,11],"texture":"#0"},"up":{"uv":[12,10,11,11],"rotation":180,"texture":"#0"},"down":{"uv":[11,10,12,11],"texture":"#0"}}},{"name":"crossbow_arrow_89","from":[12,5,7.5],"to":[13,6,8.5],"faces":{"north":{"uv":[12,11,13,10],"rotation":180,"texture":"#0"},"east":{"uv":[12,10,13,11],"texture":"#0"},"south":{"uv":[12,10,13,11],"texture":"#0"},"west":{"uv":[12,10,13,11],"texture":"#0"},"up":{"uv":[13,10,12,11],"rotation":180,"texture":"#0"},"down":{"uv":[12,10,13,11],"texture":"#0"}}},{"name":"crossbow_arrow_90","from":[1,4,7.5],"to":[2,5,8.5],"faces":{"north":{"uv":[1,12,2,11],"rotation":180,"texture":"#0"},"east":{"uv":[1,11,2,12],"texture":"#0"},"south":{"uv":[1,11,2,12],"texture":"#0"},"west":{"uv":[1,11,2,12],"texture":"#0"},"up":{"uv":[2,11,1,12],"rotation":180,"texture":"#0"},"down":{"uv":[1,11,2,12],"texture":"#0"}}},{"name":"crossbow_arrow_91","from":[2,4,7.5],"to":[3,5,8.5],"faces":{"north":{"uv":[2,12,3,11],"rotation":180,"texture":"#0"},"east":{"uv":[2,11,3,12],"texture":"#0"},"south":{"uv":[2,11,3,12],"texture":"#0"},"west":{"uv":[2,11,3,12],"texture":"#0"},"up":{"uv":[3,11,2,12],"rotation":180,"texture":"#0"},"down":{"uv":[2,11,3,12],"texture":"#0"}}},{"name":"crossbow_arrow_92","from":[8,4,7.5],"to":[9,5,8.5],"faces":{"north":{"uv":[8,12,9,11],"rotation":180,"texture":"#0"},"east":{"uv":[8,11,9,12],"texture":"#0"},"south":{"uv":[8,11,9,12],"texture":"#0"},"west":{"uv":[8,11,9,12],"texture":"#0"},"up":{"uv":[9,11,8,12],"rotation":180,"texture":"#0"},"down":{"uv":[8,11,9,12],"texture":"#0"}}},{"name":"crossbow_arrow_93","from":[9,4,7.5],"to":[10,5,8.5],"faces":{"north":{"uv":[9,12,10,11],"rotation":180,"texture":"#0"},"east":{"uv":[9,11,10,12],"texture":"#0"},"south":{"uv":[9,11,10,12],"texture":"#0"},"west":{"uv":[9,11,10,12],"texture":"#0"},"up":{"uv":[10,11,9,12],"rotation":180,"texture":"#0"},"down":{"uv":[9,11,10,12],"texture":"#0"}}},{"name":"crossbow_arrow_94","from":[10,4,7.5],"to":[11,5,8.5],"faces":{"north":{"uv":[10,12,11,11],"rotation":180,"texture":"#0"},"east":{"uv":[10,11,11,12],"texture":"#0"},"south":{"uv":[10,11,11,12],"texture":"#0"},"west":{"uv":[10,11,11,12],"texture":"#0"},"up":{"uv":[11,11,10,12],"rotation":180,"texture":"#0"},"down":{"uv":[10,11,11,12],"texture":"#0"}}},{"name":"crossbow_arrow_95","from":[11,4,7.5],"to":[12,5,8.5],"faces":{"north":{"uv":[11,12,12,11],"rotation":180,"texture":"#0"},"east":{"uv":[11,11,12,12],"texture":"#0"},"south":{"uv":[11,11,12,12],"texture":"#0"},"west":{"uv":[11,11,12,12],"texture":"#0"},"up":{"uv":[12,11,11,12],"rotation":180,"texture":"#0"},"down":{"uv":[11,11,12,12],"texture":"#0"}}},{"name":"crossbow_arrow_96","from":[12,4,7.5],"to":[13,5,8.5],"faces":{"north":{"uv":[12,12,13,11],"rotation":180,"texture":"#0"},"east":{"uv":[12,11,13,12],"texture":"#0"},"south":{"uv":[12,11,13,12],"texture":"#0"},"west":{"uv":[12,11,13,12],"texture":"#0"},"up":{"uv":[13,11,12,12],"rotation":180,"texture":"#0"},"down":{"uv":[12,11,13,12],"texture":"#0"}}},{"name":"crossbow_arrow_97","from":[13,4,7.5],"to":[14,5,8.5],"faces":{"north":{"uv":[13,12,14,11],"rotation":180,"texture":"#0"},"east":{"uv":[13,11,14,12],"texture":"#0"},"south":{"uv":[13,11,14,12],"texture":"#0"},"west":{"uv":[13,11,14,12],"texture":"#0"},"up":{"uv":[14,11,13,12],"rotation":180,"texture":"#0"},"down":{"uv":[13,11,14,12],"texture":"#0"}}},{"name":"crossbow_arrow_98","from":[0,3,7.5],"to":[1,4,8.5],"faces":{"north":{"uv":[0,13,1,12],"rotation":180,"texture":"#0"},"east":{"uv":[0,12,1,13],"texture":"#0"},"south":{"uv":[0,12,1,13],"texture":"#0"},"west":{"uv":[0,12,1,13],"texture":"#0"},"up":{"uv":[1,12,0,13],"rotation":180,"texture":"#0"},"down":{"uv":[0,12,1,13],"texture":"#0"}}},{"name":"crossbow_arrow_99","from":[1,3,7.5],"to":[2,4,8.5],"faces":{"north":{"uv":[1,13,2,12],"rotation":180,"texture":"#0"},"east":{"uv":[1,12,2,13],"texture":"#0"},"south":{"uv":[1,12,2,13],"texture":"#0"},"west":{"uv":[1,12,2,13],"texture":"#0"},"up":{"uv":[2,12,1,13],"rotation":180,"texture":"#0"},"down":{"uv":[1,12,2,13],"texture":"#0"}}},{"name":"crossbow_arrow_100","from":[2,3,7.5],"to":[3,4,8.5],"faces":{"north":{"uv":[2,13,3,12],"rotation":180,"texture":"#0"},"east":{"uv":[2,12,3,13],"texture":"#0"},"south":{"uv":[2,12,3,13],"texture":"#0"},"west":{"uv":[2,12,3,13],"texture":"#0"},"up":{"uv":[3,12,2,13],"rotation":180,"texture":"#0"},"down":{"uv":[2,12,3,13],"texture":"#0"}}},{"name":"crossbow_arrow_101","from":[3,3,7.5],"to":[4,4,8.5],"faces":{"north":{"uv":[3,13,4,12],"rotation":180,"texture":"#0"},"east":{"uv":[3,12,4,13],"texture":"#0"},"south":{"uv":[3,12,4,13],"texture":"#0"},"west":{"uv":[3,12,4,13],"texture":"#0"},"up":{"uv":[4,12,3,13],"rotation":180,"texture":"#0"},"down":{"uv":[3,12,4,13],"texture":"#0"}}},{"name":"crossbow_arrow_102","from":[4,3,7.5],"to":[5,4,8.5],"faces":{"north":{"uv":[4,13,5,12],"rotation":180,"texture":"#0"},"east":{"uv":[4,12,5,13],"texture":"#0"},"south":{"uv":[4,12,5,13],"texture":"#0"},"west":{"uv":[4,12,5,13],"texture":"#0"},"up":{"uv":[5,12,4,13],"rotation":180,"texture":"#0"},"down":{"uv":[4,12,5,13],"texture":"#0"}}},{"name":"crossbow_arrow_103","from":[5,3,7.5],"to":[6,4,8.5],"faces":{"north":{"uv":[5,13,6,12],"rotation":180,"texture":"#0"},"east":{"uv":[5,12,6,13],"texture":"#0"},"south":{"uv":[5,12,6,13],"texture":"#0"},"west":{"uv":[5,12,6,13],"texture":"#0"},"up":{"uv":[6,12,5,13],"rotation":180,"texture":"#0"},"down":{"uv":[5,12,6,13],"texture":"#0"}}},{"name":"crossbow_arrow_104","from":[6,3,7.5],"to":[7,4,8.5],"faces":{"north":{"uv":[6,13,7,12],"rotation":180,"texture":"#0"},"east":{"uv":[6,12,7,13],"texture":"#0"},"south":{"uv":[6,12,7,13],"texture":"#0"},"west":{"uv":[6,12,7,13],"texture":"#0"},"up":{"uv":[7,12,6,13],"rotation":180,"texture":"#0"},"down":{"uv":[6,12,7,13],"texture":"#0"}}},{"name":"crossbow_arrow_105","from":[7,3,7.5],"to":[8,4,8.5],"faces":{"north":{"uv":[7,13,8,12],"rotation":180,"texture":"#0"},"east":{"uv":[7,12,8,13],"texture":"#0"},"south":{"uv":[7,12,8,13],"texture":"#0"},"west":{"uv":[7,12,8,13],"texture":"#0"},"up":{"uv":[8,12,7,13],"rotation":180,"texture":"#0"},"down":{"uv":[7,12,8,13],"texture":"#0"}}},{"name":"crossbow_arrow_106","from":[8,3,7.5],"to":[9,4,8.5],"faces":{"north":{"uv":[8,13,9,12],"rotation":180,"texture":"#0"},"east":{"uv":[8,12,9,13],"texture":"#0"},"south":{"uv":[8,12,9,13],"texture":"#0"},"west":{"uv":[8,12,9,13],"texture":"#0"},"up":{"uv":[9,12,8,13],"rotation":180,"texture":"#0"},"down":{"uv":[8,12,9,13],"texture":"#0"}}},{"name":"crossbow_arrow_107","from":[9,3,7.5],"to":[10,4,8.5],"faces":{"north":{"uv":[9,13,10,12],"rotation":180,"texture":"#0"},"east":{"uv":[9,12,10,13],"texture":"#0"},"south":{"uv":[9,12,10,13],"texture":"#0"},"west":{"uv":[9,12,10,13],"texture":"#0"},"up":{"uv":[10,12,9,13],"rotation":180,"texture":"#0"},"down":{"uv":[9,12,10,13],"texture":"#0"}}},{"name":"crossbow_arrow_108","from":[10,3,7.5],"to":[11,4,8.5],"faces":{"north":{"uv":[10,13,11,12],"rotation":180,"texture":"#0"},"east":{"uv":[10,12,11,13],"texture":"#0"},"south":{"uv":[10,12,11,13],"texture":"#0"},"west":{"uv":[10,12,11,13],"texture":"#0"},"up":{"uv":[11,12,10,13],"rotation":180,"texture":"#0"},"down":{"uv":[10,12,11,13],"texture":"#0"}}},{"name":"crossbow_arrow_109","from":[11,3,7.5],"to":[12,4,8.5],"faces":{"north":{"uv":[11,13,12,12],"rotation":180,"texture":"#0"},"east":{"uv":[11,12,12,13],"texture":"#0"},"south":{"uv":[11,12,12,13],"texture":"#0"},"west":{"uv":[11,12,12,13],"texture":"#0"},"up":{"uv":[12,12,11,13],"rotation":180,"texture":"#0"},"down":{"uv":[11,12,12,13],"texture":"#0"}}},{"name":"crossbow_arrow_110","from":[12,3,7.5],"to":[13,4,8.5],"faces":{"north":{"uv":[12,13,13,12],"rotation":180,"texture":"#0"},"east":{"uv":[12,12,13,13],"texture":"#0"},"south":{"uv":[12,12,13,13],"texture":"#0"},"west":{"uv":[12,12,13,13],"texture":"#0"},"up":{"uv":[13,12,12,13],"rotation":180,"texture":"#0"},"down":{"uv":[12,12,13,13],"texture":"#0"}}},{"name":"crossbow_arrow_111","from":[13,3,7.5],"to":[14,4,8.5],"faces":{"north":{"uv":[13,13,14,12],"rotation":180,"texture":"#0"},"east":{"uv":[13,12,14,13],"texture":"#0"},"south":{"uv":[13,12,14,13],"texture":"#0"},"west":{"uv":[13,12,14,13],"texture":"#0"},"up":{"uv":[14,12,13,13],"rotation":180,"texture":"#0"},"down":{"uv":[13,12,14,13],"texture":"#0"}}},{"name":"crossbow_arrow_112","from":[14,3,7.5],"to":[15,4,8.5],"faces":{"north":{"uv":[14,13,15,12],"rotation":180,"texture":"#0"},"east":{"uv":[14,12,15,13],"texture":"#0"},"south":{"uv":[14,12,15,13],"texture":"#0"},"west":{"uv":[14,12,15,13],"texture":"#0"},"up":{"uv":[15,12,14,13],"rotation":180,"texture":"#0"},"down":{"uv":[14,12,15,13],"texture":"#0"}}},{"name":"crossbow_arrow_113","from":[1,2,7.5],"to":[2,3,8.5],"faces":{"north":{"uv":[1,14,2,13],"rotation":180,"texture":"#0"},"east":{"uv":[1,13,2,14],"texture":"#0"},"south":{"uv":[1,13,2,14],"texture":"#0"},"west":{"uv":[1,13,2,14],"texture":"#0"},"up":{"uv":[2,13,1,14],"rotation":180,"texture":"#0"},"down":{"uv":[1,13,2,14],"texture":"#0"}}},{"name":"crossbow_arrow_114","from":[2,2,7.5],"to":[3,3,8.5],"faces":{"north":{"uv":[2,14,3,13],"rotation":180,"texture":"#0"},"east":{"uv":[2,13,3,14],"texture":"#0"},"south":{"uv":[2,13,3,14],"texture":"#0"},"west":{"uv":[2,13,3,14],"texture":"#0"},"up":{"uv":[3,13,2,14],"rotation":180,"texture":"#0"},"down":{"uv":[2,13,3,14],"texture":"#0"}}},{"name":"crossbow_arrow_115","from":[11,2,7.5],"to":[12,3,8.5],"faces":{"north":{"uv":[11,14,12,13],"rotation":180,"texture":"#0"},"east":{"uv":[11,13,12,14],"texture":"#0"},"south":{"uv":[11,13,12,14],"texture":"#0"},"west":{"uv":[11,13,12,14],"texture":"#0"},"up":{"uv":[12,13,11,14],"rotation":180,"texture":"#0"},"down":{"uv":[11,13,12,14],"texture":"#0"}}},{"name":"crossbow_arrow_116","from":[12,2,7.5],"to":[13,3,8.5],"faces":{"north":{"uv":[12,14,13,13],"rotation":180,"texture":"#0"},"east":{"uv":[12,13,13,14],"texture":"#0"},"south":{"uv":[12,13,13,14],"texture":"#0"},"west":{"uv":[12,13,13,14],"texture":"#0"},"up":{"uv":[13,13,12,14],"rotation":180,"texture":"#0"},"down":{"uv":[12,13,13,14],"texture":"#0"}}},{"name":"crossbow_arrow_117","from":[13,2,7.5],"to":[14,3,8.5],"faces":{"north":{"uv":[13,14,14,13],"rotation":180,"texture":"#0"},"east":{"uv":[13,13,14,14],"texture":"#0"},"south":{"uv":[13,13,14,14],"texture":"#0"},"west":{"uv":[13,13,14,14],"texture":"#0"},"up":{"uv":[14,13,13,14],"rotation":180,"texture":"#0"},"down":{"uv":[13,13,14,14],"texture":"#0"}}},{"name":"crossbow_arrow_118","from":[14,2,7.5],"to":[15,3,8.5],"faces":{"north":{"uv":[14,14,15,13],"rotation":180,"texture":"#0"},"east":{"uv":[14,13,15,14],"texture":"#0"},"south":{"uv":[14,13,15,14],"texture":"#0"},"west":{"uv":[14,13,15,14],"texture":"#0"},"up":{"uv":[15,13,14,14],"rotation":180,"texture":"#0"},"down":{"uv":[14,13,15,14],"texture":"#0"}}},{"name":"crossbow_arrow_119","from":[15,2,7.5],"to":[16,3,8.5],"faces":{"north":{"uv":[15,14,16,13],"rotation":180,"texture":"#0"},"east":{"uv":[15,13,16,14],"texture":"#0"},"south":{"uv":[15,13,16,14],"texture":"#0"},"west":{"uv":[15,13,16,14],"texture":"#0"},"up":{"uv":[16,13,15,14],"rotation":180,"texture":"#0"},"down":{"uv":[15,13,16,14],"texture":"#0"}}},{"name":"crossbow_arrow_120","from":[12,1,7.5],"to":[13,2,8.5],"faces":{"north":{"uv":[12,15,13,14],"rotation":180,"texture":"#0"},"east":{"uv":[12,14,13,15],"texture":"#0"},"south":{"uv":[12,14,13,15],"texture":"#0"},"west":{"uv":[12,14,13,15],"texture":"#0"},"up":{"uv":[13,14,12,15],"rotation":180,"texture":"#0"},"down":{"uv":[12,14,13,15],"texture":"#0"}}},{"name":"crossbow_arrow_121","from":[13,1,7.5],"to":[14,2,8.5],"faces":{"north":{"uv":[13,15,14,14],"rotation":180,"texture":"#0"},"east":{"uv":[13,14,14,15],"texture":"#0"},"south":{"uv":[13,14,14,15],"texture":"#0"},"west":{"uv":[13,14,14,15],"texture":"#0"},"up":{"uv":[14,14,13,15],"rotation":180,"texture":"#0"},"down":{"uv":[13,14,14,15],"texture":"#0"}}},{"name":"crossbow_arrow_122","from":[14,1,7.5],"to":[15,2,8.5],"faces":{"north":{"uv":[14,15,15,14],"rotation":180,"texture":"#0"},"east":{"uv":[14,14,15,15],"texture":"#0"},"south":{"uv":[14,14,15,15],"texture":"#0"},"west":{"uv":[14,14,15,15],"texture":"#0"},"up":{"uv":[15,14,14,15],"rotation":180,"texture":"#0"},"down":{"uv":[14,14,15,15],"texture":"#0"}}},{"name":"crossbow_arrow_123","from":[15,1,7.5],"to":[16,2,8.5],"faces":{"north":{"uv":[15,15,16,14],"rotation":180,"texture":"#0"},"east":{"uv":[15,14,16,15],"texture":"#0"},"south":{"uv":[15,14,16,15],"texture":"#0"},"west":{"uv":[15,14,16,15],"texture":"#0"},"up":{"uv":[16,14,15,15],"rotation":180,"texture":"#0"},"down":{"uv":[15,14,16,15],"texture":"#0"}}},{"name":"crossbow_arrow_124","from":[13,0,7.5],"to":[14,1,8.5],"faces":{"north":{"uv":[13,16,14,15],"rotation":180,"texture":"#0"},"east":{"uv":[13,15,14,16],"texture":"#0"},"south":{"uv":[13,15,14,16],"texture":"#0"},"west":{"uv":[13,15,14,16],"texture":"#0"},"up":{"uv":[14,15,13,16],"rotation":180,"texture":"#0"},"down":{"uv":[13,15,14,16],"texture":"#0"}}},{"name":"crossbow_arrow_125","from":[14,0,7.5],"to":[15,1,8.5],"faces":{"north":{"uv":[14,16,15,15],"rotation":180,"texture":"#0"},"east":{"uv":[14,15,15,16],"texture":"#0"},"south":{"uv":[14,15,15,16],"texture":"#0"},"west":{"uv":[14,15,15,16],"texture":"#0"},"up":{"uv":[15,15,14,16],"rotation":180,"texture":"#0"},"down":{"uv":[14,15,15,16],"texture":"#0"}}}],"groups":[{"name":"crossbow_arrow","origin":[8,8,8],"children":[0,1,2,3,4,5,6,7,8,9,10,11,12,13,14,15,16,17,18,19,20,21,22,23,24,25,26,27,28,29,30,31,32,33,34,35,36,37,38,39,40,41,42,43,44,45,46,47,48,49,50,51,52,53,54,55,56,57,58,59,60,61,62,63,64,65,66,67,68,69,70,71,72,73,74,75,76,77,78,79,80,81,82,83,84,85,86,87,88,89,90,91,92,93,94,95,96,97,98,99,100,101,102,103,104,105,106,107,108,109,110,111,112,113,114,115,116,117,118,119,120,121,122,123,124,125]}]}