{"display":{"gui":{"rotation":[0,0,0],"translation":[0,0,0],"scale":[1,1,1]},"ground":{"rotation":[0,0,0],"translation":[0,3,0],"scale":[0.5,0.5,0.5]},"fixed":{"rotation":[0,180,0],"translation":[0,0,0],"scale":[1.02,1.02,1.02]},"head":{"rotation":[0,180,0],"translation":[0,13,7],"scale":[1,1,1]},"thirdperson_righthand":{"rotation":[0,90,50],"translation":[0,4.0,2],"scale":[0.85,0.85,0.85]},"thirdperson_lefthand":{"rotation":[0,-90,-50],"translation":[0,4.0,2],"scale":[0.85,0.85,0.85]},"firstperson_righthand":{"rotation":[0,90,25],"translation":[1.13,1.75,1.13],"scale":[0.68,0.68,0.68]},"firstperson_lefthand":{"rotation":[0,-90,-25],"translation":[1.13,1.75,1.13],"scale":[0.68,0.68,0.68]}},"gui_light":"front","textures":{"3":"item/fishing_rod_cast","particle":"item/fishing_rod_cast"},"elements":[{"name":"fishing_rod_cast_0","from":[13,14,7.5],"to":[14,15,8.5],"faces":{"north":{"uv":[13,2,14,1],"rotation":180,"texture":"#3"},"east":{"uv":[13,1,14,2],"texture":"#3"},"south":{"uv":[13,1,14,2],"texture":"#3"},"west":{"uv":[13,1,14,2],"texture":"#3"},"up":{"uv":[14,1,13,2],"rotation":180,"texture":"#3"},"down":{"uv":[13,1,14,2],"texture":"#3"}}},{"name":"fishing_rod_cast_1","from":[14,14,7.5],"to":[15,15,8.5],"faces":{"north":{"uv":[14,2,15,1],"rotation":180,"texture":"#3"},"east":{"uv":[14,1,15,2],"texture":"#3"},"south":{"uv":[14,1,15,2],"texture":"#3"},"west":{"uv":[14,1,15,2],"texture":"#3"},"up":{"uv":[15,1,14,2],"rotation":180,"texture":"#3"},"down":{"uv":[14,1,15,2],"texture":"#3"}}},{"name":"fishing_rod_cast_2","from":[12,13,7.5],"to":[13,14,8.5],"faces":{"north":{"uv":[12,3,13,2],"rotation":180,"texture":"#3"},"east":{"uv":[12,2,13,3],"texture":"#3"},"south":{"uv":[12,2,13,3],"texture":"#3"},"west":{"uv":[12,2,13,3],"texture":"#3"},"up":{"uv":[13,2,12,3],"rotation":180,"texture":"#3"},"down":{"uv":[12,2,13,3],"texture":"#3"}}},{"name":"fishing_rod_cast_3","from":[13,13,7.5],"to":[14,14,8.5],"faces":{"north":{"uv":[13,3,14,2],"rotation":180,"texture":"#3"},"east":{"uv":[13,2,14,3],"texture":"#3"},"south":{"uv":[13,2,14,3],"texture":"#3"},"west":{"uv":[13,2,14,3],"texture":"#3"},"up":{"uv":[14,2,13,3],"rotation":180,"texture":"#3"},"down":{"uv":[13,2,14,3],"texture":"#3"}}},{"name":"fishing_rod_cast_4","from":[14,13,7.5],"to":[15,14,8.5],"faces":{"north":{"uv":[14,3,15,2],"rotation":180,"texture":"#3"},"east":{"uv":[14,2,15,3],"texture":"#3"},"south":{"uv":[14,2,15,3],"texture":"#3"},"west":{"uv":[14,2,15,3],"texture":"#3"},"up":{"uv":[15,2,14,3],"rotation":180,"texture":"#3"},"down":{"uv":[14,2,15,3],"texture":"#3"}}},{"name":"fishing_rod_cast_5","from":[11,12,7.5],"to":[12,13,8.5],"faces":{"north":{"uv":[11,4,12,3],"rotation":180,"texture":"#3"},"east":{"uv":[11,3,12,4],"texture":"#3"},"south":{"uv":[11,3,12,4],"texture":"#3"},"west":{"uv":[11,3,12,4],"texture":"#3"},"up":{"uv":[12,3,11,4],"rotation":180,"texture":"#3"},"down":{"uv":[11,3,12,4],"texture":"#3"}}},{"name":"fishing_rod_cast_6","from":[12,12,7.5],"to":[13,13,8.5],"faces":{"north":{"uv":[12,4,13,3],"rotation":180,"texture":"#3"},"east":{"uv":[12,3,13,4],"texture":"#3"},"south":{"uv":[12,3,13,4],"texture":"#3"},"west":{"uv":[12,3,13,4],"texture":"#3"},"up":{"uv":[13,3,12,4],"rotation":180,"texture":"#3"},"down":{"uv":[12,3,13,4],"texture":"#3"}}},{"name":"fishing_rod_cast_7","from":[13,12,7.5],"to":[14,13,8.5],"faces":{"north":{"uv":[13,4,14,3],"rotation":180,"texture":"#3"},"east":{"uv":[13,3,14,4],"texture":"#3"},"south":{"uv":[13,3,14,4],"texture":"#3"},"west":{"uv":[13,3,14,4],"texture":"#3"},"up":{"uv":[14,3,13,4],"rotation":180,"texture":"#3"},"down":{"uv":[13,3,14,4],"texture":"#3"}}},{"name":"fishing_rod_cast_8","from":[14,12,7.5],"to":[15,13,8.5],"faces":{"north":{"uv":[14,4,15,3],"rotation":180,"texture":"#3"},"east":{"uv":[14,3,15,4],"texture":"#3"},"south":{"uv":[14,3,15,4],"texture":"#3"},"west":{"uv":[14,3,15,4],"texture":"#3"},"up":{"uv":[15,3,14,4],"rotation":180,"texture":"#3"},"down":{"uv":[14,3,15,4],"texture":"#3"}}},{"name":"fishing_rod_cast_9","from":[10,11,7.5],"to":[11,12,8.5],"faces":{"north":{"uv":[10,5,11,4],"rotation":180,"texture":"#3"},"east":{"uv":[10,4,11,5],"texture":"#3"},"south":{"uv":[10,4,11,5],"texture":"#3"},"west":{"uv":[10,4,11,5],"texture":"#3"},"up":{"uv":[11,4,10,5],"rotation":180,"texture":"#3"},"down":{"uv":[10,4,11,5],"texture":"#3"}}},{"name":"fishing_rod_cast_10","from":[11,11,7.5],"to":[12,12,8.5],"faces":{"north":{"uv":[11,5,12,4],"rotation":180,"texture":"#3"},"east":{"uv":[11,4,12,5],"texture":"#3"},"south":{"uv":[11,4,12,5],"texture":"#3"},"west":{"uv":[11,4,12,5],"texture":"#3"},"up":{"uv":[12,4,11,5],"rotation":180,"texture":"#3"},"down":{"uv":[11,4,12,5],"texture":"#3"}}},{"name":"fishing_rod_cast_11","from":[12,11,7.5],"to":[13,12,8.5],"faces":{"north":{"uv":[12,5,13,4],"rotation":180,"texture":"#3"},"east":{"uv":[12,4,13,5],"texture":"#3"},"south":{"uv":[12,4,13,5],"texture":"#3"},"west":{"uv":[12,4,13,5],"texture":"#3"},"up":{"uv":[13,4,12,5],"rotation":180,"texture":"#3"},"down":{"uv":[12,4,13,5],"texture":"#3"}}},{"name":"fishing_rod_cast_12","from":[13,11,7.5],"to":[14,12,8.5],"faces":{"north":{"uv":[13,5,14,4],"rotation":180,"texture":"#3"},"east":{"uv":[13,4,14,5],"texture":"#3"},"south":{"uv":[13,4,14,5],"texture":"#3"},"west":{"uv":[13,4,14,5],"texture":"#3"},"up":{"uv":[14,4,13,5],"rotation":180,"texture":"#3"},"down":{"uv":[13,4,14,5],"texture":"#3"}}},{"name":"fishing_rod_cast_13","from":[9,10,7.5],"to":[10,11,8.5],"faces":{"north":{"uv":[9,6,10,5],"rotation":180,"texture":"#3"},"east":{"uv":[9,5,10,6],"texture":"#3"},"south":{"uv":[9,5,10,6],"texture":"#3"},"west":{"uv":[9,5,10,6],"texture":"#3"},"up":{"uv":[10,5,9,6],"rotation":180,"texture":"#3"},"down":{"uv":[9,5,10,6],"texture":"#3"}}},{"name":"fishing_rod_cast_14","from":[10,10,7.5],"to":[11,11,8.5],"faces":{"north":{"uv":[10,6,11,5],"rotation":180,"texture":"#3"},"east":{"uv":[10,5,11,6],"texture":"#3"},"south":{"uv":[10,5,11,6],"texture":"#3"},"west":{"uv":[10,5,11,6],"texture":"#3"},"up":{"uv":[11,5,10,6],"rotation":180,"texture":"#3"},"down":{"uv":[10,5,11,6],"texture":"#3"}}},{"name":"fishing_rod_cast_15","from":[11,10,7.5],"to":[12,11,8.5],"faces":{"north":{"uv":[11,6,12,5],"rotation":180,"texture":"#3"},"east":{"uv":[11,5,12,6],"texture":"#3"},"south":{"uv":[11,5,12,6],"texture":"#3"},"west":{"uv":[11,5,12,6],"texture":"#3"},"up":{"uv":[12,5,11,6],"rotation":180,"texture":"#3"},"down":{"uv":[11,5,12,6],"texture":"#3"}}},{"name":"fishing_rod_cast_16","from":[12,10,7.5],"to":[13,11,8.5],"faces":{"north":{"uv":[12,6,13,5],"rotation":180,"texture":"#3"},"east":{"uv":[12,5,13,6],"texture":"#3"},"south":{"uv":[12,5,13,6],"texture":"#3"},"west":{"uv":[12,5,13,6],"texture":"#3"},"up":{"uv":[13,5,12,6],"rotation":180,"texture":"#3"},"down":{"uv":[12,5,13,6],"texture":"#3"}}},{"name":"fishing_rod_cast_17","from":[8,9,7.5],"to":[9,10,8.5],"faces":{"north":{"uv":[8,7,9,6],"rotation":180,"texture":"#3"},"east":{"uv":[8,6,9,7],"texture":"#3"},"south":{"uv":[8,6,9,7],"texture":"#3"},"west":{"uv":[8,6,9,7],"texture":"#3"},"up":{"uv":[9,6,8,7],"rotation":180,"texture":"#3"},"down":{"uv":[8,6,9,7],"texture":"#3"}}},{"name":"fishing_rod_cast_18","from":[9,9,7.5],"to":[10,10,8.5],"faces":{"north":{"uv":[9,7,10,6],"rotation":180,"texture":"#3"},"east":{"uv":[9,6,10,7],"texture":"#3"},"south":{"uv":[9,6,10,7],"texture":"#3"},"west":{"uv":[9,6,10,7],"texture":"#3"},"up":{"uv":[10,6,9,7],"rotation":180,"texture":"#3"},"down":{"uv":[9,6,10,7],"texture":"#3"}}},{"name":"fishing_rod_cast_19","from":[10,9,7.5],"to":[11,10,8.5],"faces":{"north":{"uv":[10,7,11,6],"rotation":180,"texture":"#3"},"east":{"uv":[10,6,11,7],"texture":"#3"},"south":{"uv":[10,6,11,7],"texture":"#3"},"west":{"uv":[10,6,11,7],"texture":"#3"},"up":{"uv":[11,6,10,7],"rotation":180,"texture":"#3"},"down":{"uv":[10,6,11,7],"texture":"#3"}}},{"name":"fishing_rod_cast_20","from":[11,9,7.5],"to":[12,10,8.5],"faces":{"north":{"uv":[11,7,12,6],"rotation":180,"texture":"#3"},"east":{"uv":[11,6,12,7],"texture":"#3"},"south":{"uv":[11,6,12,7],"texture":"#3"},"west":{"uv":[11,6,12,7],"texture":"#3"},"up":{"uv":[12,6,11,7],"rotation":180,"texture":"#3"},"down":{"uv":[11,6,12,7],"texture":"#3"}}},{"name":"fishing_rod_cast_21","from":[7,8,7.5],"to":[8,9,8.5],"faces":{"north":{"uv":[7,8,8,7],"rotation":180,"texture":"#3"},"east":{"uv":[7,7,8,8],"texture":"#3"},"south":{"uv":[7,7,8,8],"texture":"#3"},"west":{"uv":[7,7,8,8],"texture":"#3"},"up":{"uv":[8,7,7,8],"rotation":180,"texture":"#3"},"down":{"uv":[7,7,8,8],"texture":"#3"}}},{"name":"fishing_rod_cast_22","from":[8,8,7.5],"to":[9,9,8.5],"faces":{"north":{"uv":[8,8,9,7],"rotation":180,"texture":"#3"},"east":{"uv":[8,7,9,8],"texture":"#3"},"south":{"uv":[8,7,9,8],"texture":"#3"},"west":{"uv":[8,7,9,8],"texture":"#3"},"up":{"uv":[9,7,8,8],"rotation":180,"texture":"#3"},"down":{"uv":[8,7,9,8],"texture":"#3"}}},{"name":"fishing_rod_cast_23","from":[9,8,7.5],"to":[10,9,8.5],"faces":{"north":{"uv":[9,8,10,7],"rotation":180,"texture":"#3"},"east":{"uv":[9,7,10,8],"texture":"#3"},"south":{"uv":[9,7,10,8],"texture":"#3"},"west":{"uv":[9,7,10,8],"texture":"#3"},"up":{"uv":[10,7,9,8],"rotation":180,"texture":"#3"},"down":{"uv":[9,7,10,8],"texture":"#3"}}},{"name":"fishing_rod_cast_24","from":[10,8,7.5],"to":[11,9,8.5],"faces":{"north":{"uv":[10,8,11,7],"rotation":180,"texture":"#3"},"east":{"uv":[10,7,11,8],"texture":"#3"},"south":{"uv":[10,7,11,8],"texture":"#3"},"west":{"uv":[10,7,11,8],"texture":"#3"},"up":{"uv":[11,7,10,8],"rotation":180,"texture":"#3"},"down":{"uv":[10,7,11,8],"texture":"#3"}}},{"name":"fishing_rod_cast_25","from":[6,7,7.5],"to":[7,8,8.5],"faces":{"north":{"uv":[6,9,7,8],"rotation":180,"texture":"#3"},"east":{"uv":[6,8,7,9],"texture":"#3"},"south":{"uv":[6,8,7,9],"texture":"#3"},"west":{"uv":[6,8,7,9],"texture":"#3"},"up":{"uv":[7,8,6,9],"rotation":180,"texture":"#3"},"down":{"uv":[6,8,7,9],"texture":"#3"}}},{"name":"fishing_rod_cast_26","from":[7,7,7.5],"to":[8,8,8.5],"faces":{"north":{"uv":[7,9,8,8],"rotation":180,"texture":"#3"},"east":{"uv":[7,8,8,9],"texture":"#3"},"south":{"uv":[7,8,8,9],"texture":"#3"},"west":{"uv":[7,8,8,9],"texture":"#3"},"up":{"uv":[8,8,7,9],"rotation":180,"texture":"#3"},"down":{"uv":[7,8,8,9],"texture":"#3"}}},{"name":"fishing_rod_cast_27","from":[8,7,7.5],"to":[9,8,8.5],"faces":{"north":{"uv":[8,9,9,8],"rotation":180,"texture":"#3"},"east":{"uv":[8,8,9,9],"texture":"#3"},"south":{"uv":[8,8,9,9],"texture":"#3"},"west":{"uv":[8,8,9,9],"texture":"#3"},"up":{"uv":[9,8,8,9],"rotation":180,"texture":"#3"},"down":{"uv":[8,8,9,9],"texture":"#3"}}},{"name":"fishing_rod_cast_28","from":[9,7,7.5],"to":[10,8,8.5],"faces":{"north":{"uv":[9,9,10,8],"rotation":180,"texture":"#3"},"east":{"uv":[9,8,10,9],"texture":"#3"},"south":{"uv":[9,8,10,9],"texture":"#3"},"west":{"uv":[9,8,10,9],"texture":"#3"},"up":{"uv":[10,8,9,9],"rotation":180,"texture":"#3"},"down":{"uv":[9,8,10,9],"texture":"#3"}}},{"name":"fishing_rod_cast_29","from":[5,6,7.5],"to":[6,7,8.5],"faces":{"north":{"uv":[5,10,6,9],"rotation":180,"texture":"#3"},"east":{"uv":[5,9,6,10],"texture":"#3"},"south":{"uv":[5,9,6,10],"texture":"#3"},"west":{"uv":[5,9,6,10],"texture":"#3"},"up":{"uv":[6,9,5,10],"rotation":180,"texture":"#3"},"down":{"uv":[5,9,6,10],"texture":"#3"}}},{"name":"fishing_rod_cast_30","from":[6,6,7.5],"to":[7,7,8.5],"faces":{"north":{"uv":[6,10,7,9],"rotation":180,"texture":"#3"},"east":{"uv":[6,9,7,10],"texture":"#3"},"south":{"uv":[6,9,7,10],"texture":"#3"},"west":{"uv":[6,9,7,10],"texture":"#3"},"up":{"uv":[7,9,6,10],"rotation":180,"texture":"#3"},"down":{"uv":[6,9,7,10],"texture":"#3"}}},{"name":"fishing_rod_cast_31","from":[7,6,7.5],"to":[8,7,8.5],"faces":{"north":{"uv":[7,10,8,9],"rotation":180,"texture":"#3"},"east":{"uv":[7,9,8,10],"texture":"#3"},"south":{"uv":[7,9,8,10],"texture":"#3"},"west":{"uv":[7,9,8,10],"texture":"#3"},"up":{"uv":[8,9,7,10],"rotation":180,"texture":"#3"},"down":{"uv":[7,9,8,10],"texture":"#3"}}},{"name":"fishing_rod_cast_32","from":[8,6,7.5],"to":[9,7,8.5],"faces":{"north":{"uv":[8,10,9,9],"rotation":180,"texture":"#3"},"east":{"uv":[8,9,9,10],"texture":"#3"},"south":{"uv":[8,9,9,10],"texture":"#3"},"west":{"uv":[8,9,9,10],"texture":"#3"},"up":{"uv":[9,9,8,10],"rotation":180,"texture":"#3"},"down":{"uv":[8,9,9,10],"texture":"#3"}}},{"name":"fishing_rod_cast_33","from":[5,5,7.5],"to":[6,6,8.5],"faces":{"north":{"uv":[5,11,6,10],"rotation":180,"texture":"#3"},"east":{"uv":[5,10,6,11],"texture":"#3"},"south":{"uv":[5,10,6,11],"texture":"#3"},"west":{"uv":[5,10,6,11],"texture":"#3"},"up":{"uv":[6,10,5,11],"rotation":180,"texture":"#3"},"down":{"uv":[5,10,6,11],"texture":"#3"}}},{"name":"fishing_rod_cast_34","from":[6,5,7.5],"to":[7,6,8.5],"faces":{"north":{"uv":[6,11,7,10],"rotation":180,"texture":"#3"},"east":{"uv":[6,10,7,11],"texture":"#3"},"south":{"uv":[6,10,7,11],"texture":"#3"},"west":{"uv":[6,10,7,11],"texture":"#3"},"up":{"uv":[7,10,6,11],"rotation":180,"texture":"#3"},"down":{"uv":[6,10,7,11],"texture":"#3"}}},{"name":"fishing_rod_cast_35","from":[7,5,7.5],"to":[8,6,8.5],"faces":{"north":{"uv":[7,11,8,10],"rotation":180,"texture":"#3"},"east":{"uv":[7,10,8,11],"texture":"#3"},"south":{"uv":[7,10,8,11],"texture":"#3"},"west":{"uv":[7,10,8,11],"texture":"#3"},"up":{"uv":[8,10,7,11],"rotation":180,"texture":"#3"},"down":{"uv":[7,10,8,11],"texture":"#3"}}},{"name":"fishing_rod_cast_36","from":[4,4,7.5],"to":[5,5,8.5],"faces":{"north":{"uv":[4,12,5,11],"rotation":180,"texture":"#3"},"east":{"uv":[4,11,5,12],"texture":"#3"},"south":{"uv":[4,11,5,12],"texture":"#3"},"west":{"uv":[4,11,5,12],"texture":"#3"},"up":{"uv":[5,11,4,12],"rotation":180,"texture":"#3"},"down":{"uv":[4,11,5,12],"texture":"#3"}}},{"name":"fishing_rod_cast_37","from":[5,4,7.5],"to":[6,5,8.5],"faces":{"north":{"uv":[5,12,6,11],"rotation":180,"texture":"#3"},"east":{"uv":[5,11,6,12],"texture":"#3"},"south":{"uv":[5,11,6,12],"texture":"#3"},"west":{"uv":[5,11,6,12],"texture":"#3"},"up":{"uv":[6,11,5,12],"rotation":180,"texture":"#3"},"down":{"uv":[5,11,6,12],"texture":"#3"}}},{"name":"fishing_rod_cast_38","from":[6,4,7.5],"to":[7,5,8.5],"faces":{"north":{"uv":[6,12,7,11],"rotation":180,"texture":"#3"},"east":{"uv":[6,11,7,12],"texture":"#3"},"south":{"uv":[6,11,7,12],"texture":"#3"},"west":{"uv":[6,11,7,12],"texture":"#3"},"up":{"uv":[7,11,6,12],"rotation":180,"texture":"#3"},"down":{"uv":[6,11,7,12],"texture":"#3"}}},{"name":"fishing_rod_cast_39","from":[7,4,7.5],"to":[8,5,8.5],"faces":{"north":{"uv":[7,12,8,11],"rotation":180,"texture":"#3"},"east":{"uv":[7,11,8,12],"texture":"#3"},"south":{"uv":[7,11,8,12],"texture":"#3"},"west":{"uv":[7,11,8,12],"texture":"#3"},"up":{"uv":[8,11,7,12],"rotation":180,"texture":"#3"},"down":{"uv":[7,11,8,12],"texture":"#3"}}},{"name":"fishing_rod_cast_40","from":[8,4,7.5],"to":[9,5,8.5],"faces":{"north":{"uv":[8,12,9,11],"rotation":180,"texture":"#3"},"east":{"uv":[8,11,9,12],"texture":"#3"},"south":{"uv":[8,11,9,12],"texture":"#3"},"west":{"uv":[8,11,9,12],"texture":"#3"},"up":{"uv":[9,11,8,12],"rotation":180,"texture":"#3"},"down":{"uv":[8,11,9,12],"texture":"#3"}}},{"name":"fishing_rod_cast_41","from":[3,3,7.5],"to":[4,4,8.5],"faces":{"north":{"uv":[3,13,4,12],"rotation":180,"texture":"#3"},"east":{"uv":[3,12,4,13],"texture":"#3"},"south":{"uv":[3,12,4,13],"texture":"#3"},"west":{"uv":[3,12,4,13],"texture":"#3"},"up":{"uv":[4,12,3,13],"rotation":180,"texture":"#3"},"down":{"uv":[3,12,4,13],"texture":"#3"}}},{"name":"fishing_rod_cast_42","from":[4,3,7.5],"to":[5,4,8.5],"faces":{"north":{"uv":[4,13,5,12],"rotation":180,"texture":"#3"},"east":{"uv":[4,12,5,13],"texture":"#3"},"south":{"uv":[4,12,5,13],"texture":"#3"},"west":{"uv":[4,12,5,13],"texture":"#3"},"up":{"uv":[5,12,4,13],"rotation":180,"texture":"#3"},"down":{"uv":[4,12,5,13],"texture":"#3"}}},{"name":"fishing_rod_cast_43","from":[5,3,7.5],"to":[6,4,8.5],"faces":{"north":{"uv":[5,13,6,12],"rotation":180,"texture":"#3"},"east":{"uv":[5,12,6,13],"texture":"#3"},"south":{"uv":[5,12,6,13],"texture":"#3"},"west":{"uv":[5,12,6,13],"texture":"#3"},"up":{"uv":[6,12,5,13],"rotation":180,"texture":"#3"},"down":{"uv":[5,12,6,13],"texture":"#3"}}},{"name":"fishing_rod_cast_44","from":[6,3,7.5],"to":[7,4,8.5],"faces":{"north":{"uv":[6,13,7,12],"rotation":180,"texture":"#3"},"east":{"uv":[6,12,7,13],"texture":"#3"},"south":{"uv":[6,12,7,13],"texture":"#3"},"west":{"uv":[6,12,7,13],"texture":"#3"},"up":{"uv":[7,12,6,13],"rotation":180,"texture":"#3"},"down":{"uv":[6,12,7,13],"texture":"#3"}}},{"name":"fishing_rod_cast_45","from":[7,3,7.5],"to":[8,4,8.5],"faces":{"north":{"uv":[7,13,8,12],"rotation":180,"texture":"#3"},"east":{"uv":[7,12,8,13],"texture":"#3"},"south":{"uv":[7,12,8,13],"texture":"#3"},"west":{"uv":[7,12,8,13],"texture":"#3"},"up":{"uv":[8,12,7,13],"rotation":180,"texture":"#3"},"down":{"uv":[7,12,8,13],"texture":"#3"}}},{"name":"fishing_rod_cast_46","from":[8,3,7.5],"to":[9,4,8.5],"faces":{"north":{"uv":[8,13,9,12],"rotation":180,"texture":"#3"},"east":{"uv":[8,12,9,13],"texture":"#3"},"south":{"uv":[8,12,9,13],"texture":"#3"},"west":{"uv":[8,12,9,13],"texture":"#3"},"up":{"uv":[9,12,8,13],"rotation":180,"texture":"#3"},"down":{"uv":[8,12,9,13],"texture":"#3"}}},{"name":"fishing_rod_cast_47","from":[2,2,7.5],"to":[3,3,8.5],"faces":{"north":{"uv":[2,14,3,13],"rotation":180,"texture":"#3"},"east":{"uv":[2,13,3,14],"texture":"#3"},"south":{"uv":[2,13,3,14],"texture":"#3"},"west":{"uv":[2,13,3,14],"texture":"#3"},"up":{"uv":[3,13,2,14],"rotation":180,"texture":"#3"},"down":{"uv":[2,13,3,14],"texture":"#3"}}},{"name":"fishing_rod_cast_48","from":[3,2,7.5],"to":[4,3,8.5],"faces":{"north":{"uv":[3,14,4,13],"rotation":180,"texture":"#3"},"east":{"uv":[3,13,4,14],"texture":"#3"},"south":{"uv":[3,13,4,14],"texture":"#3"},"west":{"uv":[3,13,4,14],"texture":"#3"},"up":{"uv":[4,13,3,14],"rotation":180,"texture":"#3"},"down":{"uv":[3,13,4,14],"texture":"#3"}}},{"name":"fishing_rod_cast_49","from":[4,2,7.5],"to":[5,3,8.5],"faces":{"north":{"uv":[4,14,5,13],"rotation":180,"texture":"#3"},"east":{"uv":[4,13,5,14],"texture":"#3"},"south":{"uv":[4,13,5,14],"texture":"#3"},"west":{"uv":[4,13,5,14],"texture":"#3"},"up":{"uv":[5,13,4,14],"rotation":180,"texture":"#3"},"down":{"uv":[4,13,5,14],"texture":"#3"}}},{"name":"fishing_rod_cast_50","from":[6,2,7.5],"to":[7,3,8.5],"faces":{"north":{"uv":[6,14,7,13],"rotation":180,"texture":"#3"},"east":{"uv":[6,13,7,14],"texture":"#3"},"south":{"uv":[6,13,7,14],"texture":"#3"},"west":{"uv":[6,13,7,14],"texture":"#3"},"up":{"uv":[7,13,6,14],"rotation":180,"texture":"#3"},"down":{"uv":[6,13,7,14],"texture":"#3"}}},{"name":"fishing_rod_cast_51","from":[7,2,7.5],"to":[8,3,8.5],"faces":{"north":{"uv":[7,14,8,13],"rotation":180,"texture":"#3"},"east":{"uv":[7,13,8,14],"texture":"#3"},"south":{"uv":[7,13,8,14],"texture":"#3"},"west":{"uv":[7,13,8,14],"texture":"#3"},"up":{"uv":[8,13,7,14],"rotation":180,"texture":"#3"},"down":{"uv":[7,13,8,14],"texture":"#3"}}},{"name":"fishing_rod_cast_52","from":[2,1,7.5],"to":[3,2,8.5],"faces":{"north":{"uv":[2,15,3,14],"rotation":180,"texture":"#3"},"east":{"uv":[2,14,3,15],"texture":"#3"},"south":{"uv":[2,14,3,15],"texture":"#3"},"west":{"uv":[2,14,3,15],"texture":"#3"},"up":{"uv":[3,14,2,15],"rotation":180,"texture":"#3"},"down":{"uv":[2,14,3,15],"texture":"#3"}}},{"name":"fishing_rod_cast_53","from":[3,1,7.5],"to":[4,2,8.5],"faces":{"north":{"uv":[3,15,4,14],"rotation":180,"texture":"#3"},"east":{"uv":[3,14,4,15],"texture":"#3"},"south":{"uv":[3,14,4,15],"texture":"#3"},"west":{"uv":[3,14,4,15],"texture":"#3"},"up":{"uv":[4,14,3,15],"rotation":180,"texture":"#3"},"down":{"uv":[3,14,4,15],"texture":"#3"}}}],"groups":[{"name":"fishing_rod_cast","origin":[8,8,8],"children":[0,1,2,3,4,5,6,7,8,9,10,11,12,13,14,15,16,17,18,19,20,21,22,23,24,25,26,27,28,29,30,31,32,33,34,35,36,37,38,39,40,41,42,43,44,45,46,47,48,49,50,51,52,53]}]}