{"display":{"gui":{"rotation":[0,0,0],"translation":[0,0,0],"scale":[1,1,1]},"ground":{"rotation":[0,0,0],"translation":[0,3,0],"scale":[0.5,0.5,0.5]},"fixed":{"rotation":[0,180,0],"translation":[0,0,0],"scale":[1.02,1.02,1.02]},"head":{"rotation":[0,180,0],"translation":[0,13,7],"scale":[1,1,1]},"thirdperson_righthand":{"rotation":[0,0,0],"translation":[0,3,1],"scale":[0.55,0.55,0.55]},"firstperson_righthand":{"rotation":[0,-90,25],"translation":[1.13,3.2,1.13],"scale":[0.68,0.68,0.68]}},"gui_light":"front","textures":{"4":"item/flint_and_steel","particle":"item/flint_and_steel"},"elements":[{"name":"flint_and_steel_0","from":[4,14,7.5],"to":[5,15,8.5],"faces":{"north":{"uv":[4,2,5,1],"rotation":180,"texture":"#4"},"east":{"uv":[4,1,5,2],"texture":"#4"},"south":{"uv":[4,1,5,2],"texture":"#4"},"west":{"uv":[4,1,5,2],"texture":"#4"},"up":{"uv":[5,1,4,2],"rotation":180,"texture":"#4"},"down":{"uv":[4,1,5,2],"texture":"#4"}}},{"name":"flint_and_steel_1","from":[5,14,7.5],"to":[6,15,8.5],"faces":{"north":{"uv":[5,2,6,1],"rotation":180,"texture":"#4"},"east":{"uv":[5,1,6,2],"texture":"#4"},"south":{"uv":[5,1,6,2],"texture":"#4"},"west":{"uv":[5,1,6,2],"texture":"#4"},"up":{"uv":[6,1,5,2],"rotation":180,"texture":"#4"},"down":{"uv":[5,1,6,2],"texture":"#4"}}},{"name":"flint_and_steel_2","from":[3,13,7.5],"to":[4,14,8.5],"faces":{"north":{"uv":[3,3,4,2],"rotation":180,"texture":"#4"},"east":{"uv":[3,2,4,3],"texture":"#4"},"south":{"uv":[3,2,4,3],"texture":"#4"},"west":{"uv":[3,2,4,3],"texture":"#4"},"up":{"uv":[4,2,3,3],"rotation":180,"texture":"#4"},"down":{"uv":[3,2,4,3],"texture":"#4"}}},{"name":"flint_and_steel_3","from":[4,13,7.5],"to":[5,14,8.5],"faces":{"north":{"uv":[4,3,5,2],"rotation":180,"texture":"#4"},"east":{"uv":[4,2,5,3],"texture":"#4"},"south":{"uv":[4,2,5,3],"texture":"#4"},"west":{"uv":[4,2,5,3],"texture":"#4"},"up":{"uv":[5,2,4,3],"rotation":180,"texture":"#4"},"down":{"uv":[4,2,5,3],"texture":"#4"}}},{"name":"flint_and_steel_4","from":[5,13,7.5],"to":[6,14,8.5],"faces":{"north":{"uv":[5,3,6,2],"rotation":180,"texture":"#4"},"east":{"uv":[5,2,6,3],"texture":"#4"},"south":{"uv":[5,2,6,3],"texture":"#4"},"west":{"uv":[5,2,6,3],"texture":"#4"},"up":{"uv":[6,2,5,3],"rotation":180,"texture":"#4"},"down":{"uv":[5,2,6,3],"texture":"#4"}}},{"name":"flint_and_steel_5","from":[6,13,7.5],"to":[7,14,8.5],"faces":{"north":{"uv":[6,3,7,2],"rotation":180,"texture":"#4"},"east":{"uv":[6,2,7,3],"texture":"#4"},"south":{"uv":[6,2,7,3],"texture":"#4"},"west":{"uv":[6,2,7,3],"texture":"#4"},"up":{"uv":[7,2,6,3],"rotation":180,"texture":"#4"},"down":{"uv":[6,2,7,3],"texture":"#4"}}},{"name":"flint_and_steel_6","from":[2,12,7.5],"to":[3,13,8.5],"faces":{"north":{"uv":[2,4,3,3],"rotation":180,"texture":"#4"},"east":{"uv":[2,3,3,4],"texture":"#4"},"south":{"uv":[2,3,3,4],"texture":"#4"},"west":{"uv":[2,3,3,4],"texture":"#4"},"up":{"uv":[3,3,2,4],"rotation":180,"texture":"#4"},"down":{"uv":[2,3,3,4],"texture":"#4"}}},{"name":"flint_and_steel_7","from":[3,12,7.5],"to":[4,13,8.5],"faces":{"north":{"uv":[3,4,4,3],"rotation":180,"texture":"#4"},"east":{"uv":[3,3,4,4],"texture":"#4"},"south":{"uv":[3,3,4,4],"texture":"#4"},"west":{"uv":[3,3,4,4],"texture":"#4"},"up":{"uv":[4,3,3,4],"rotation":180,"texture":"#4"},"down":{"uv":[3,3,4,4],"texture":"#4"}}},{"name":"flint_and_steel_8","from":[4,12,7.5],"to":[5,13,8.5],"faces":{"north":{"uv":[4,4,5,3],"rotation":180,"texture":"#4"},"east":{"uv":[4,3,5,4],"texture":"#4"},"south":{"uv":[4,3,5,4],"texture":"#4"},"west":{"uv":[4,3,5,4],"texture":"#4"},"up":{"uv":[5,3,4,4],"rotation":180,"texture":"#4"},"down":{"uv":[4,3,5,4],"texture":"#4"}}},{"name":"flint_and_steel_9","from":[5,12,7.5],"to":[6,13,8.5],"faces":{"north":{"uv":[5,4,6,3],"rotation":180,"texture":"#4"},"east":{"uv":[5,3,6,4],"texture":"#4"},"south":{"uv":[5,3,6,4],"texture":"#4"},"west":{"uv":[5,3,6,4],"texture":"#4"},"up":{"uv":[6,3,5,4],"rotation":180,"texture":"#4"},"down":{"uv":[5,3,6,4],"texture":"#4"}}},{"name":"flint_and_steel_10","from":[6,12,7.5],"to":[7,13,8.5],"faces":{"north":{"uv":[6,4,7,3],"rotation":180,"texture":"#4"},"east":{"uv":[6,3,7,4],"texture":"#4"},"south":{"uv":[6,3,7,4],"texture":"#4"},"west":{"uv":[6,3,7,4],"texture":"#4"},"up":{"uv":[7,3,6,4],"rotation":180,"texture":"#4"},"down":{"uv":[6,3,7,4],"texture":"#4"}}},{"name":"flint_and_steel_11","from":[7,12,7.5],"to":[8,13,8.5],"faces":{"north":{"uv":[7,4,8,3],"rotation":180,"texture":"#4"},"east":{"uv":[7,3,8,4],"texture":"#4"},"south":{"uv":[7,3,8,4],"texture":"#4"},"west":{"uv":[7,3,8,4],"texture":"#4"},"up":{"uv":[8,3,7,4],"rotation":180,"texture":"#4"},"down":{"uv":[7,3,8,4],"texture":"#4"}}},{"name":"flint_and_steel_12","from":[2,11,7.5],"to":[3,12,8.5],"faces":{"north":{"uv":[2,5,3,4],"rotation":180,"texture":"#4"},"east":{"uv":[2,4,3,5],"texture":"#4"},"south":{"uv":[2,4,3,5],"texture":"#4"},"west":{"uv":[2,4,3,5],"texture":"#4"},"up":{"uv":[3,4,2,5],"rotation":180,"texture":"#4"},"down":{"uv":[2,4,3,5],"texture":"#4"}}},{"name":"flint_and_steel_13","from":[3,11,7.5],"to":[4,12,8.5],"faces":{"north":{"uv":[3,5,4,4],"rotation":180,"texture":"#4"},"east":{"uv":[3,4,4,5],"texture":"#4"},"south":{"uv":[3,4,4,5],"texture":"#4"},"west":{"uv":[3,4,4,5],"texture":"#4"},"up":{"uv":[4,4,3,5],"rotation":180,"texture":"#4"},"down":{"uv":[3,4,4,5],"texture":"#4"}}},{"name":"flint_and_steel_14","from":[4,11,7.5],"to":[5,12,8.5],"faces":{"north":{"uv":[4,5,5,4],"rotation":180,"texture":"#4"},"east":{"uv":[4,4,5,5],"texture":"#4"},"south":{"uv":[4,4,5,5],"texture":"#4"},"west":{"uv":[4,4,5,5],"texture":"#4"},"up":{"uv":[5,4,4,5],"rotation":180,"texture":"#4"},"down":{"uv":[4,4,5,5],"texture":"#4"}}},{"name":"flint_and_steel_15","from":[6,11,7.5],"to":[7,12,8.5],"faces":{"north":{"uv":[6,5,7,4],"rotation":180,"texture":"#4"},"east":{"uv":[6,4,7,5],"texture":"#4"},"south":{"uv":[6,4,7,5],"texture":"#4"},"west":{"uv":[6,4,7,5],"texture":"#4"},"up":{"uv":[7,4,6,5],"rotation":180,"texture":"#4"},"down":{"uv":[6,4,7,5],"texture":"#4"}}},{"name":"flint_and_steel_16","from":[7,11,7.5],"to":[8,12,8.5],"faces":{"north":{"uv":[7,5,8,4],"rotation":180,"texture":"#4"},"east":{"uv":[7,4,8,5],"texture":"#4"},"south":{"uv":[7,4,8,5],"texture":"#4"},"west":{"uv":[7,4,8,5],"texture":"#4"},"up":{"uv":[8,4,7,5],"rotation":180,"texture":"#4"},"down":{"uv":[7,4,8,5],"texture":"#4"}}},{"name":"flint_and_steel_17","from":[2,10,7.5],"to":[3,11,8.5],"faces":{"north":{"uv":[2,6,3,5],"rotation":180,"texture":"#4"},"east":{"uv":[2,5,3,6],"texture":"#4"},"south":{"uv":[2,5,3,6],"texture":"#4"},"west":{"uv":[2,5,3,6],"texture":"#4"},"up":{"uv":[3,5,2,6],"rotation":180,"texture":"#4"},"down":{"uv":[2,5,3,6],"texture":"#4"}}},{"name":"flint_and_steel_18","from":[3,10,7.5],"to":[4,11,8.5],"faces":{"north":{"uv":[3,6,4,5],"rotation":180,"texture":"#4"},"east":{"uv":[3,5,4,6],"texture":"#4"},"south":{"uv":[3,5,4,6],"texture":"#4"},"west":{"uv":[3,5,4,6],"texture":"#4"},"up":{"uv":[4,5,3,6],"rotation":180,"texture":"#4"},"down":{"uv":[3,5,4,6],"texture":"#4"}}},{"name":"flint_and_steel_19","from":[4,10,7.5],"to":[5,11,8.5],"faces":{"north":{"uv":[4,6,5,5],"rotation":180,"texture":"#4"},"east":{"uv":[4,5,5,6],"texture":"#4"},"south":{"uv":[4,5,5,6],"texture":"#4"},"west":{"uv":[4,5,5,6],"texture":"#4"},"up":{"uv":[5,5,4,6],"rotation":180,"texture":"#4"},"down":{"uv":[4,5,5,6],"texture":"#4"}}},{"name":"flint_and_steel_20","from":[2,9,7.5],"to":[3,10,8.5],"faces":{"north":{"uv":[2,7,3,6],"rotation":180,"texture":"#4"},"east":{"uv":[2,6,3,7],"texture":"#4"},"south":{"uv":[2,6,3,7],"texture":"#4"},"west":{"uv":[2,6,3,7],"texture":"#4"},"up":{"uv":[3,6,2,7],"rotation":180,"texture":"#4"},"down":{"uv":[2,6,3,7],"texture":"#4"}}},{"name":"flint_and_steel_21","from":[3,9,7.5],"to":[4,10,8.5],"faces":{"north":{"uv":[3,7,4,6],"rotation":180,"texture":"#4"},"east":{"uv":[3,6,4,7],"texture":"#4"},"south":{"uv":[3,6,4,7],"texture":"#4"},"west":{"uv":[3,6,4,7],"texture":"#4"},"up":{"uv":[4,6,3,7],"rotation":180,"texture":"#4"},"down":{"uv":[3,6,4,7],"texture":"#4"}}},{"name":"flint_and_steel_22","from":[4,9,7.5],"to":[5,10,8.5],"faces":{"north":{"uv":[4,7,5,6],"rotation":180,"texture":"#4"},"east":{"uv":[4,6,5,7],"texture":"#4"},"south":{"uv":[4,6,5,7],"texture":"#4"},"west":{"uv":[4,6,5,7],"texture":"#4"},"up":{"uv":[5,6,4,7],"rotation":180,"texture":"#4"},"down":{"uv":[4,6,5,7],"texture":"#4"}}},{"name":"flint_and_steel_23","from":[2,8,7.5],"to":[3,9,8.5],"faces":{"north":{"uv":[2,8,3,7],"rotation":180,"texture":"#4"},"east":{"uv":[2,7,3,8],"texture":"#4"},"south":{"uv":[2,7,3,8],"texture":"#4"},"west":{"uv":[2,7,3,8],"texture":"#4"},"up":{"uv":[3,7,2,8],"rotation":180,"texture":"#4"},"down":{"uv":[2,7,3,8],"texture":"#4"}}},{"name":"flint_and_steel_24","from":[3,8,7.5],"to":[4,9,8.5],"faces":{"north":{"uv":[3,8,4,7],"rotation":180,"texture":"#4"},"east":{"uv":[3,7,4,8],"texture":"#4"},"south":{"uv":[3,7,4,8],"texture":"#4"},"west":{"uv":[3,7,4,8],"texture":"#4"},"up":{"uv":[4,7,3,8],"rotation":180,"texture":"#4"},"down":{"uv":[3,7,4,8],"texture":"#4"}}},{"name":"flint_and_steel_25","from":[4,8,7.5],"to":[5,9,8.5],"faces":{"north":{"uv":[4,8,5,7],"rotation":180,"texture":"#4"},"east":{"uv":[4,7,5,8],"texture":"#4"},"south":{"uv":[4,7,5,8],"texture":"#4"},"west":{"uv":[4,7,5,8],"texture":"#4"},"up":{"uv":[5,7,4,8],"rotation":180,"texture":"#4"},"down":{"uv":[4,7,5,8],"texture":"#4"}}},{"name":"flint_and_steel_26","from":[6,8,7.5],"to":[7,9,8.5],"faces":{"north":{"uv":[6,8,7,7],"rotation":180,"texture":"#4"},"east":{"uv":[6,7,7,8],"texture":"#4"},"south":{"uv":[6,7,7,8],"texture":"#4"},"west":{"uv":[6,7,7,8],"texture":"#4"},"up":{"uv":[7,7,6,8],"rotation":180,"texture":"#4"},"down":{"uv":[6,7,7,8],"texture":"#4"}}},{"name":"flint_and_steel_27","from":[7,8,7.5],"to":[8,9,8.5],"faces":{"north":{"uv":[7,8,8,7],"rotation":180,"texture":"#4"},"east":{"uv":[7,7,8,8],"texture":"#4"},"south":{"uv":[7,7,8,8],"texture":"#4"},"west":{"uv":[7,7,8,8],"texture":"#4"},"up":{"uv":[8,7,7,8],"rotation":180,"texture":"#4"},"down":{"uv":[7,7,8,8],"texture":"#4"}}},{"name":"flint_and_steel_28","from":[11,8,7.5],"to":[12,9,8.5],"faces":{"north":{"uv":[11,8,12,7],"rotation":180,"texture":"#4"},"east":{"uv":[11,7,12,8],"texture":"#4"},"south":{"uv":[11,7,12,8],"texture":"#4"},"west":{"uv":[11,7,12,8],"texture":"#4"},"up":{"uv":[12,7,11,8],"rotation":180,"texture":"#4"},"down":{"uv":[11,7,12,8],"texture":"#4"}}},{"name":"flint_and_steel_29","from":[2,7,7.5],"to":[3,8,8.5],"faces":{"north":{"uv":[2,9,3,8],"rotation":180,"texture":"#4"},"east":{"uv":[2,8,3,9],"texture":"#4"},"south":{"uv":[2,8,3,9],"texture":"#4"},"west":{"uv":[2,8,3,9],"texture":"#4"},"up":{"uv":[3,8,2,9],"rotation":180,"texture":"#4"},"down":{"uv":[2,8,3,9],"texture":"#4"}}},{"name":"flint_and_steel_30","from":[3,7,7.5],"to":[4,8,8.5],"faces":{"north":{"uv":[3,9,4,8],"rotation":180,"texture":"#4"},"east":{"uv":[3,8,4,9],"texture":"#4"},"south":{"uv":[3,8,4,9],"texture":"#4"},"west":{"uv":[3,8,4,9],"texture":"#4"},"up":{"uv":[4,8,3,9],"rotation":180,"texture":"#4"},"down":{"uv":[3,8,4,9],"texture":"#4"}}},{"name":"flint_and_steel_31","from":[4,7,7.5],"to":[5,8,8.5],"faces":{"north":{"uv":[4,9,5,8],"rotation":180,"texture":"#4"},"east":{"uv":[4,8,5,9],"texture":"#4"},"south":{"uv":[4,8,5,9],"texture":"#4"},"west":{"uv":[4,8,5,9],"texture":"#4"},"up":{"uv":[5,8,4,9],"rotation":180,"texture":"#4"},"down":{"uv":[4,8,5,9],"texture":"#4"}}},{"name":"flint_and_steel_32","from":[5,7,7.5],"to":[6,8,8.5],"faces":{"north":{"uv":[5,9,6,8],"rotation":180,"texture":"#4"},"east":{"uv":[5,8,6,9],"texture":"#4"},"south":{"uv":[5,8,6,9],"texture":"#4"},"west":{"uv":[5,8,6,9],"texture":"#4"},"up":{"uv":[6,8,5,9],"rotation":180,"texture":"#4"},"down":{"uv":[5,8,6,9],"texture":"#4"}}},{"name":"flint_and_steel_33","from":[6,7,7.5],"to":[7,8,8.5],"faces":{"north":{"uv":[6,9,7,8],"rotation":180,"texture":"#4"},"east":{"uv":[6,8,7,9],"texture":"#4"},"south":{"uv":[6,8,7,9],"texture":"#4"},"west":{"uv":[6,8,7,9],"texture":"#4"},"up":{"uv":[7,8,6,9],"rotation":180,"texture":"#4"},"down":{"uv":[6,8,7,9],"texture":"#4"}}},{"name":"flint_and_steel_34","from":[7,7,7.5],"to":[8,8,8.5],"faces":{"north":{"uv":[7,9,8,8],"rotation":180,"texture":"#4"},"east":{"uv":[7,8,8,9],"texture":"#4"},"south":{"uv":[7,8,8,9],"texture":"#4"},"west":{"uv":[7,8,8,9],"texture":"#4"},"up":{"uv":[8,8,7,9],"rotation":180,"texture":"#4"},"down":{"uv":[7,8,8,9],"texture":"#4"}}},{"name":"flint_and_steel_35","from":[10,7,7.5],"to":[11,8,8.5],"faces":{"north":{"uv":[10,9,11,8],"rotation":180,"texture":"#4"},"east":{"uv":[10,8,11,9],"texture":"#4"},"south":{"uv":[10,8,11,9],"texture":"#4"},"west":{"uv":[10,8,11,9],"texture":"#4"},"up":{"uv":[11,8,10,9],"rotation":180,"texture":"#4"},"down":{"uv":[10,8,11,9],"texture":"#4"}}},{"name":"flint_and_steel_36","from":[11,7,7.5],"to":[12,8,8.5],"faces":{"north":{"uv":[11,9,12,8],"rotation":180,"texture":"#4"},"east":{"uv":[11,8,12,9],"texture":"#4"},"south":{"uv":[11,8,12,9],"texture":"#4"},"west":{"uv":[11,8,12,9],"texture":"#4"},"up":{"uv":[12,8,11,9],"rotation":180,"texture":"#4"},"down":{"uv":[11,8,12,9],"texture":"#4"}}},{"name":"flint_and_steel_37","from":[12,7,7.5],"to":[13,8,8.5],"faces":{"north":{"uv":[12,9,13,8],"rotation":180,"texture":"#4"},"east":{"uv":[12,8,13,9],"texture":"#4"},"south":{"uv":[12,8,13,9],"texture":"#4"},"west":{"uv":[12,8,13,9],"texture":"#4"},"up":{"uv":[13,8,12,9],"rotation":180,"texture":"#4"},"down":{"uv":[12,8,13,9],"texture":"#4"}}},{"name":"flint_and_steel_38","from":[3,6,7.5],"to":[4,7,8.5],"faces":{"north":{"uv":[3,10,4,9],"rotation":180,"texture":"#4"},"east":{"uv":[3,9,4,10],"texture":"#4"},"south":{"uv":[3,9,4,10],"texture":"#4"},"west":{"uv":[3,9,4,10],"texture":"#4"},"up":{"uv":[4,9,3,10],"rotation":180,"texture":"#4"},"down":{"uv":[3,9,4,10],"texture":"#4"}}},{"name":"flint_and_steel_39","from":[4,6,7.5],"to":[5,7,8.5],"faces":{"north":{"uv":[4,10,5,9],"rotation":180,"texture":"#4"},"east":{"uv":[4,9,5,10],"texture":"#4"},"south":{"uv":[4,9,5,10],"texture":"#4"},"west":{"uv":[4,9,5,10],"texture":"#4"},"up":{"uv":[5,9,4,10],"rotation":180,"texture":"#4"},"down":{"uv":[4,9,5,10],"texture":"#4"}}},{"name":"flint_and_steel_40","from":[5,6,7.5],"to":[6,7,8.5],"faces":{"north":{"uv":[5,10,6,9],"rotation":180,"texture":"#4"},"east":{"uv":[5,9,6,10],"texture":"#4"},"south":{"uv":[5,9,6,10],"texture":"#4"},"west":{"uv":[5,9,6,10],"texture":"#4"},"up":{"uv":[6,9,5,10],"rotation":180,"texture":"#4"},"down":{"uv":[5,9,6,10],"texture":"#4"}}},{"name":"flint_and_steel_41","from":[6,6,7.5],"to":[7,7,8.5],"faces":{"north":{"uv":[6,10,7,9],"rotation":180,"texture":"#4"},"east":{"uv":[6,9,7,10],"texture":"#4"},"south":{"uv":[6,9,7,10],"texture":"#4"},"west":{"uv":[6,9,7,10],"texture":"#4"},"up":{"uv":[7,9,6,10],"rotation":180,"texture":"#4"},"down":{"uv":[6,9,7,10],"texture":"#4"}}},{"name":"flint_and_steel_42","from":[9,6,7.5],"to":[10,7,8.5],"faces":{"north":{"uv":[9,10,10,9],"rotation":180,"texture":"#4"},"east":{"uv":[9,9,10,10],"texture":"#4"},"south":{"uv":[9,9,10,10],"texture":"#4"},"west":{"uv":[9,9,10,10],"texture":"#4"},"up":{"uv":[10,9,9,10],"rotation":180,"texture":"#4"},"down":{"uv":[9,9,10,10],"texture":"#4"}}},{"name":"flint_and_steel_43","from":[10,6,7.5],"to":[11,7,8.5],"faces":{"north":{"uv":[10,10,11,9],"rotation":180,"texture":"#4"},"east":{"uv":[10,9,11,10],"texture":"#4"},"south":{"uv":[10,9,11,10],"texture":"#4"},"west":{"uv":[10,9,11,10],"texture":"#4"},"up":{"uv":[11,9,10,10],"rotation":180,"texture":"#4"},"down":{"uv":[10,9,11,10],"texture":"#4"}}},{"name":"flint_and_steel_44","from":[11,6,7.5],"to":[12,7,8.5],"faces":{"north":{"uv":[11,10,12,9],"rotation":180,"texture":"#4"},"east":{"uv":[11,9,12,10],"texture":"#4"},"south":{"uv":[11,9,12,10],"texture":"#4"},"west":{"uv":[11,9,12,10],"texture":"#4"},"up":{"uv":[12,9,11,10],"rotation":180,"texture":"#4"},"down":{"uv":[11,9,12,10],"texture":"#4"}}},{"name":"flint_and_steel_45","from":[12,6,7.5],"to":[13,7,8.5],"faces":{"north":{"uv":[12,10,13,9],"rotation":180,"texture":"#4"},"east":{"uv":[12,9,13,10],"texture":"#4"},"south":{"uv":[12,9,13,10],"texture":"#4"},"west":{"uv":[12,9,13,10],"texture":"#4"},"up":{"uv":[13,9,12,10],"rotation":180,"texture":"#4"},"down":{"uv":[12,9,13,10],"texture":"#4"}}},{"name":"flint_and_steel_46","from":[4,5,7.5],"to":[5,6,8.5],"faces":{"north":{"uv":[4,11,5,10],"rotation":180,"texture":"#4"},"east":{"uv":[4,10,5,11],"texture":"#4"},"south":{"uv":[4,10,5,11],"texture":"#4"},"west":{"uv":[4,10,5,11],"texture":"#4"},"up":{"uv":[5,10,4,11],"rotation":180,"texture":"#4"},"down":{"uv":[4,10,5,11],"texture":"#4"}}},{"name":"flint_and_steel_47","from":[5,5,7.5],"to":[6,6,8.5],"faces":{"north":{"uv":[5,11,6,10],"rotation":180,"texture":"#4"},"east":{"uv":[5,10,6,11],"texture":"#4"},"south":{"uv":[5,10,6,11],"texture":"#4"},"west":{"uv":[5,10,6,11],"texture":"#4"},"up":{"uv":[6,10,5,11],"rotation":180,"texture":"#4"},"down":{"uv":[5,10,6,11],"texture":"#4"}}},{"name":"flint_and_steel_48","from":[8,5,7.5],"to":[9,6,8.5],"faces":{"north":{"uv":[8,11,9,10],"rotation":180,"texture":"#4"},"east":{"uv":[8,10,9,11],"texture":"#4"},"south":{"uv":[8,10,9,11],"texture":"#4"},"west":{"uv":[8,10,9,11],"texture":"#4"},"up":{"uv":[9,10,8,11],"rotation":180,"texture":"#4"},"down":{"uv":[8,10,9,11],"texture":"#4"}}},{"name":"flint_and_steel_49","from":[9,5,7.5],"to":[10,6,8.5],"faces":{"north":{"uv":[9,11,10,10],"rotation":180,"texture":"#4"},"east":{"uv":[9,10,10,11],"texture":"#4"},"south":{"uv":[9,10,10,11],"texture":"#4"},"west":{"uv":[9,10,10,11],"texture":"#4"},"up":{"uv":[10,10,9,11],"rotation":180,"texture":"#4"},"down":{"uv":[9,10,10,11],"texture":"#4"}}},{"name":"flint_and_steel_50","from":[10,5,7.5],"to":[11,6,8.5],"faces":{"north":{"uv":[10,11,11,10],"rotation":180,"texture":"#4"},"east":{"uv":[10,10,11,11],"texture":"#4"},"south":{"uv":[10,10,11,11],"texture":"#4"},"west":{"uv":[10,10,11,11],"texture":"#4"},"up":{"uv":[11,10,10,11],"rotation":180,"texture":"#4"},"down":{"uv":[10,10,11,11],"texture":"#4"}}},{"name":"flint_and_steel_51","from":[11,5,7.5],"to":[12,6,8.5],"faces":{"north":{"uv":[11,11,12,10],"rotation":180,"texture":"#4"},"east":{"uv":[11,10,12,11],"texture":"#4"},"south":{"uv":[11,10,12,11],"texture":"#4"},"west":{"uv":[11,10,12,11],"texture":"#4"},"up":{"uv":[12,10,11,11],"rotation":180,"texture":"#4"},"down":{"uv":[11,10,12,11],"texture":"#4"}}},{"name":"flint_and_steel_52","from":[12,5,7.5],"to":[13,6,8.5],"faces":{"north":{"uv":[12,11,13,10],"rotation":180,"texture":"#4"},"east":{"uv":[12,10,13,11],"texture":"#4"},"south":{"uv":[12,10,13,11],"texture":"#4"},"west":{"uv":[12,10,13,11],"texture":"#4"},"up":{"uv":[13,10,12,11],"rotation":180,"texture":"#4"},"down":{"uv":[12,10,13,11],"texture":"#4"}}},{"name":"flint_and_steel_53","from":[13,5,7.5],"to":[14,6,8.5],"faces":{"north":{"uv":[13,11,14,10],"rotation":180,"texture":"#4"},"east":{"uv":[13,10,14,11],"texture":"#4"},"south":{"uv":[13,10,14,11],"texture":"#4"},"west":{"uv":[13,10,14,11],"texture":"#4"},"up":{"uv":[14,10,13,11],"rotation":180,"texture":"#4"},"down":{"uv":[13,10,14,11],"texture":"#4"}}},{"name":"flint_and_steel_54","from":[7,4,7.5],"to":[8,5,8.5],"faces":{"north":{"uv":[7,12,8,11],"rotation":180,"texture":"#4"},"east":{"uv":[7,11,8,12],"texture":"#4"},"south":{"uv":[7,11,8,12],"texture":"#4"},"west":{"uv":[7,11,8,12],"texture":"#4"},"up":{"uv":[8,11,7,12],"rotation":180,"texture":"#4"},"down":{"uv":[7,11,8,12],"texture":"#4"}}},{"name":"flint_and_steel_55","from":[8,4,7.5],"to":[9,5,8.5],"faces":{"north":{"uv":[8,12,9,11],"rotation":180,"texture":"#4"},"east":{"uv":[8,11,9,12],"texture":"#4"},"south":{"uv":[8,11,9,12],"texture":"#4"},"west":{"uv":[8,11,9,12],"texture":"#4"},"up":{"uv":[9,11,8,12],"rotation":180,"texture":"#4"},"down":{"uv":[8,11,9,12],"texture":"#4"}}},{"name":"flint_and_steel_56","from":[9,4,7.5],"to":[10,5,8.5],"faces":{"north":{"uv":[9,12,10,11],"rotation":180,"texture":"#4"},"east":{"uv":[9,11,10,12],"texture":"#4"},"south":{"uv":[9,11,10,12],"texture":"#4"},"west":{"uv":[9,11,10,12],"texture":"#4"},"up":{"uv":[10,11,9,12],"rotation":180,"texture":"#4"},"down":{"uv":[9,11,10,12],"texture":"#4"}}},{"name":"flint_and_steel_57","from":[10,4,7.5],"to":[11,5,8.5],"faces":{"north":{"uv":[10,12,11,11],"rotation":180,"texture":"#4"},"east":{"uv":[10,11,11,12],"texture":"#4"},"south":{"uv":[10,11,11,12],"texture":"#4"},"west":{"uv":[10,11,11,12],"texture":"#4"},"up":{"uv":[11,11,10,12],"rotation":180,"texture":"#4"},"down":{"uv":[10,11,11,12],"texture":"#4"}}},{"name":"flint_and_steel_58","from":[11,4,7.5],"to":[12,5,8.5],"faces":{"north":{"uv":[11,12,12,11],"rotation":180,"texture":"#4"},"east":{"uv":[11,11,12,12],"texture":"#4"},"south":{"uv":[11,11,12,12],"texture":"#4"},"west":{"uv":[11,11,12,12],"texture":"#4"},"up":{"uv":[12,11,11,12],"rotation":180,"texture":"#4"},"down":{"uv":[11,11,12,12],"texture":"#4"}}},{"name":"flint_and_steel_59","from":[12,4,7.5],"to":[13,5,8.5],"faces":{"north":{"uv":[12,12,13,11],"rotation":180,"texture":"#4"},"east":{"uv":[12,11,13,12],"texture":"#4"},"south":{"uv":[12,11,13,12],"texture":"#4"},"west":{"uv":[12,11,13,12],"texture":"#4"},"up":{"uv":[13,11,12,12],"rotation":180,"texture":"#4"},"down":{"uv":[12,11,13,12],"texture":"#4"}}},{"name":"flint_and_steel_60","from":[13,4,7.5],"to":[14,5,8.5],"faces":{"north":{"uv":[13,12,14,11],"rotation":180,"texture":"#4"},"east":{"uv":[13,11,14,12],"texture":"#4"},"south":{"uv":[13,11,14,12],"texture":"#4"},"west":{"uv":[13,11,14,12],"texture":"#4"},"up":{"uv":[14,11,13,12],"rotation":180,"texture":"#4"},"down":{"uv":[13,11,14,12],"texture":"#4"}}},{"name":"flint_and_steel_61","from":[7,3,7.5],"to":[8,4,8.5],"faces":{"north":{"uv":[7,13,8,12],"rotation":180,"texture":"#4"},"east":{"uv":[7,12,8,13],"texture":"#4"},"south":{"uv":[7,12,8,13],"texture":"#4"},"west":{"uv":[7,12,8,13],"texture":"#4"},"up":{"uv":[8,12,7,13],"rotation":180,"texture":"#4"},"down":{"uv":[7,12,8,13],"texture":"#4"}}},{"name":"flint_and_steel_62","from":[8,3,7.5],"to":[9,4,8.5],"faces":{"north":{"uv":[8,13,9,12],"rotation":180,"texture":"#4"},"east":{"uv":[8,12,9,13],"texture":"#4"},"south":{"uv":[8,12,9,13],"texture":"#4"},"west":{"uv":[8,12,9,13],"texture":"#4"},"up":{"uv":[9,12,8,13],"rotation":180,"texture":"#4"},"down":{"uv":[8,12,9,13],"texture":"#4"}}},{"name":"flint_and_steel_63","from":[9,3,7.5],"to":[10,4,8.5],"faces":{"north":{"uv":[9,13,10,12],"rotation":180,"texture":"#4"},"east":{"uv":[9,12,10,13],"texture":"#4"},"south":{"uv":[9,12,10,13],"texture":"#4"},"west":{"uv":[9,12,10,13],"texture":"#4"},"up":{"uv":[10,12,9,13],"rotation":180,"texture":"#4"},"down":{"uv":[9,12,10,13],"texture":"#4"}}},{"name":"flint_and_steel_64","from":[10,3,7.5],"to":[11,4,8.5],"faces":{"north":{"uv":[10,13,11,12],"rotation":180,"texture":"#4"},"east":{"uv":[10,12,11,13],"texture":"#4"},"south":{"uv":[10,12,11,13],"texture":"#4"},"west":{"uv":[10,12,11,13],"texture":"#4"},"up":{"uv":[11,12,10,13],"rotation":180,"texture":"#4"},"down":{"uv":[10,12,11,13],"texture":"#4"}}},{"name":"flint_and_steel_65","from":[11,3,7.5],"to":[12,4,8.5],"faces":{"north":{"uv":[11,13,12,12],"rotation":180,"texture":"#4"},"east":{"uv":[11,12,12,13],"texture":"#4"},"south":{"uv":[11,12,12,13],"texture":"#4"},"west":{"uv":[11,12,12,13],"texture":"#4"},"up":{"uv":[12,12,11,13],"rotation":180,"texture":"#4"},"down":{"uv":[11,12,12,13],"texture":"#4"}}},{"name":"flint_and_steel_66","from":[12,3,7.5],"to":[13,4,8.5],"faces":{"north":{"uv":[12,13,13,12],"rotation":180,"texture":"#4"},"east":{"uv":[12,12,13,13],"texture":"#4"},"south":{"uv":[12,12,13,13],"texture":"#4"},"west":{"uv":[12,12,13,13],"texture":"#4"},"up":{"uv":[13,12,12,13],"rotation":180,"texture":"#4"},"down":{"uv":[12,12,13,13],"texture":"#4"}}},{"name":"flint_and_steel_67","from":[13,3,7.5],"to":[14,4,8.5],"faces":{"north":{"uv":[13,13,14,12],"rotation":180,"texture":"#4"},"east":{"uv":[13,12,14,13],"texture":"#4"},"south":{"uv":[13,12,14,13],"texture":"#4"},"west":{"uv":[13,12,14,13],"texture":"#4"},"up":{"uv":[14,12,13,13],"rotation":180,"texture":"#4"},"down":{"uv":[13,12,14,13],"texture":"#4"}}},{"name":"flint_and_steel_68","from":[14,3,7.5],"to":[15,4,8.5],"faces":{"north":{"uv":[14,13,15,12],"rotation":180,"texture":"#4"},"east":{"uv":[14,12,15,13],"texture":"#4"},"south":{"uv":[14,12,15,13],"texture":"#4"},"west":{"uv":[14,12,15,13],"texture":"#4"},"up":{"uv":[15,12,14,13],"rotation":180,"texture":"#4"},"down":{"uv":[14,12,15,13],"texture":"#4"}}},{"name":"flint_and_steel_69","from":[7,2,7.5],"to":[8,3,8.5],"faces":{"north":{"uv":[7,14,8,13],"rotation":180,"texture":"#4"},"east":{"uv":[7,13,8,14],"texture":"#4"},"south":{"uv":[7,13,8,14],"texture":"#4"},"west":{"uv":[7,13,8,14],"texture":"#4"},"up":{"uv":[8,13,7,14],"rotation":180,"texture":"#4"},"down":{"uv":[7,13,8,14],"texture":"#4"}}},{"name":"flint_and_steel_70","from":[8,2,7.5],"to":[9,3,8.5],"faces":{"north":{"uv":[8,14,9,13],"rotation":180,"texture":"#4"},"east":{"uv":[8,13,9,14],"texture":"#4"},"south":{"uv":[8,13,9,14],"texture":"#4"},"west":{"uv":[8,13,9,14],"texture":"#4"},"up":{"uv":[9,13,8,14],"rotation":180,"texture":"#4"},"down":{"uv":[8,13,9,14],"texture":"#4"}}},{"name":"flint_and_steel_71","from":[9,2,7.5],"to":[10,3,8.5],"faces":{"north":{"uv":[9,14,10,13],"rotation":180,"texture":"#4"},"east":{"uv":[9,13,10,14],"texture":"#4"},"south":{"uv":[9,13,10,14],"texture":"#4"},"west":{"uv":[9,13,10,14],"texture":"#4"},"up":{"uv":[10,13,9,14],"rotation":180,"texture":"#4"},"down":{"uv":[9,13,10,14],"texture":"#4"}}},{"name":"flint_and_steel_72","from":[10,2,7.5],"to":[11,3,8.5],"faces":{"north":{"uv":[10,14,11,13],"rotation":180,"texture":"#4"},"east":{"uv":[10,13,11,14],"texture":"#4"},"south":{"uv":[10,13,11,14],"texture":"#4"},"west":{"uv":[10,13,11,14],"texture":"#4"},"up":{"uv":[11,13,10,14],"rotation":180,"texture":"#4"},"down":{"uv":[10,13,11,14],"texture":"#4"}}},{"name":"flint_and_steel_73","from":[11,2,7.5],"to":[12,3,8.5],"faces":{"north":{"uv":[11,14,12,13],"rotation":180,"texture":"#4"},"east":{"uv":[11,13,12,14],"texture":"#4"},"south":{"uv":[11,13,12,14],"texture":"#4"},"west":{"uv":[11,13,12,14],"texture":"#4"},"up":{"uv":[12,13,11,14],"rotation":180,"texture":"#4"},"down":{"uv":[11,13,12,14],"texture":"#4"}}},{"name":"flint_and_steel_74","from":[12,2,7.5],"to":[13,3,8.5],"faces":{"north":{"uv":[12,14,13,13],"rotation":180,"texture":"#4"},"east":{"uv":[12,13,13,14],"texture":"#4"},"south":{"uv":[12,13,13,14],"texture":"#4"},"west":{"uv":[12,13,13,14],"texture":"#4"},"up":{"uv":[13,13,12,14],"rotation":180,"texture":"#4"},"down":{"uv":[12,13,13,14],"texture":"#4"}}},{"name":"flint_and_steel_75","from":[13,2,7.5],"to":[14,3,8.5],"faces":{"north":{"uv":[13,14,14,13],"rotation":180,"texture":"#4"},"east":{"uv":[13,13,14,14],"texture":"#4"},"south":{"uv":[13,13,14,14],"texture":"#4"},"west":{"uv":[13,13,14,14],"texture":"#4"},"up":{"uv":[14,13,13,14],"rotation":180,"texture":"#4"},"down":{"uv":[13,13,14,14],"texture":"#4"}}},{"name":"flint_and_steel_76","from":[14,2,7.5],"to":[15,3,8.5],"faces":{"north":{"uv":[14,14,15,13],"rotation":180,"texture":"#4"},"east":{"uv":[14,13,15,14],"texture":"#4"},"south":{"uv":[14,13,15,14],"texture":"#4"},"west":{"uv":[14,13,15,14],"texture":"#4"},"up":{"uv":[15,13,14,14],"rotation":180,"texture":"#4"},"down":{"uv":[14,13,15,14],"texture":"#4"}}},{"name":"flint_and_steel_77","from":[8,1,7.5],"to":[9,2,8.5],"faces":{"north":{"uv":[8,15,9,14],"rotation":180,"texture":"#4"},"east":{"uv":[8,14,9,15],"texture":"#4"},"south":{"uv":[8,14,9,15],"texture":"#4"},"west":{"uv":[8,14,9,15],"texture":"#4"},"up":{"uv":[9,14,8,15],"rotation":180,"texture":"#4"},"down":{"uv":[8,14,9,15],"texture":"#4"}}},{"name":"flint_and_steel_78","from":[9,1,7.5],"to":[10,2,8.5],"faces":{"north":{"uv":[9,15,10,14],"rotation":180,"texture":"#4"},"east":{"uv":[9,14,10,15],"texture":"#4"},"south":{"uv":[9,14,10,15],"texture":"#4"},"west":{"uv":[9,14,10,15],"texture":"#4"},"up":{"uv":[10,14,9,15],"rotation":180,"texture":"#4"},"down":{"uv":[9,14,10,15],"texture":"#4"}}},{"name":"flint_and_steel_79","from":[10,1,7.5],"to":[11,2,8.5],"faces":{"north":{"uv":[10,15,11,14],"rotation":180,"texture":"#4"},"east":{"uv":[10,14,11,15],"texture":"#4"},"south":{"uv":[10,14,11,15],"texture":"#4"},"west":{"uv":[10,14,11,15],"texture":"#4"},"up":{"uv":[11,14,10,15],"rotation":180,"texture":"#4"},"down":{"uv":[10,14,11,15],"texture":"#4"}}},{"name":"flint_and_steel_80","from":[11,1,7.5],"to":[12,2,8.5],"faces":{"north":{"uv":[11,15,12,14],"rotation":180,"texture":"#4"},"east":{"uv":[11,14,12,15],"texture":"#4"},"south":{"uv":[11,14,12,15],"texture":"#4"},"west":{"uv":[11,14,12,15],"texture":"#4"},"up":{"uv":[12,14,11,15],"rotation":180,"texture":"#4"},"down":{"uv":[11,14,12,15],"texture":"#4"}}},{"name":"flint_and_steel_81","from":[12,1,7.5],"to":[13,2,8.5],"faces":{"north":{"uv":[12,15,13,14],"rotation":180,"texture":"#4"},"east":{"uv":[12,14,13,15],"texture":"#4"},"south":{"uv":[12,14,13,15],"texture":"#4"},"west":{"uv":[12,14,13,15],"texture":"#4"},"up":{"uv":[13,14,12,15],"rotation":180,"texture":"#4"},"down":{"uv":[12,14,13,15],"texture":"#4"}}},{"name":"flint_and_steel_82","from":[13,1,7.5],"to":[14,2,8.5],"faces":{"north":{"uv":[13,15,14,14],"rotation":180,"texture":"#4"},"east":{"uv":[13,14,14,15],"texture":"#4"},"south":{"uv":[13,14,14,15],"texture":"#4"},"west":{"uv":[13,14,14,15],"texture":"#4"},"up":{"uv":[14,14,13,15],"rotation":180,"texture":"#4"},"down":{"uv":[13,14,14,15],"texture":"#4"}}},{"name":"flint_and_steel_83","from":[9,0,7.5],"to":[10,1,8.5],"faces":{"north":{"uv":[9,16,10,15],"rotation":180,"texture":"#4"},"east":{"uv":[9,15,10,16],"texture":"#4"},"south":{"uv":[9,15,10,16],"texture":"#4"},"west":{"uv":[9,15,10,16],"texture":"#4"},"up":{"uv":[10,15,9,16],"rotation":180,"texture":"#4"},"down":{"uv":[9,15,10,16],"texture":"#4"}}},{"name":"flint_and_steel_84","from":[10,0,7.5],"to":[11,1,8.5],"faces":{"north":{"uv":[10,16,11,15],"rotation":180,"texture":"#4"},"east":{"uv":[10,15,11,16],"texture":"#4"},"south":{"uv":[10,15,11,16],"texture":"#4"},"west":{"uv":[10,15,11,16],"texture":"#4"},"up":{"uv":[11,15,10,16],"rotation":180,"texture":"#4"},"down":{"uv":[10,15,11,16],"texture":"#4"}}}],"groups":[{"name":"flint_and_steel","origin":[8,8,8],"children":[0,1,2,3,4,5,6,7,8,9,10,11,12,13,14,15,16,17,18,19,20,21,22,23,24,25,26,27,28,29,30,31,32,33,34,35,36,37,38,39,40,41,42,43,44,45,46,47,48,49,50,51,52,53,54,55,56,57,58,59,60,61,62,63,64,65,66,67,68,69,70,71,72,73,74,75,76,77,78,79,80,81,82,83,84]}]}