{"groups":[{"name":"axe","origin":[8,8,8],"children":[0,1,2,3,4,5,6,7,8,9,10,11,12,13]}],"parent":"item/axe_display","gui_light":"front","textures":{"axe":"item/axe","particle":"item/axe"},"elements":[{"name":"axe_0","from":[9,14,7.5],"to":[11,15,8.5],"faces":{"north":{"uv":[11,1,9,2],"texture":"#axe"},"east":{"uv":[10,1,11,2],"texture":"#axe"},"south":{"uv":[9,1,11,2],"texture":"#axe"},"west":{"uv":[9,1,10,2],"texture":"#axe"},"up":{"uv":[9,1,11,2],"texture":"#axe"}}},{"name":"axe_1","from":[8,12,7.5],"to":[12,14,8.5],"faces":{"north":{"uv":[12,2,8,4],"texture":"#axe"},"east":{"uv":[11,2,12,4],"texture":"#axe"},"south":{"uv":[8,2,12,4],"texture":"#axe"},"west":{"uv":[8,2,9,4],"texture":"#axe"},"up":{"uv":[8,2,12,3],"texture":"#axe"}}},{"name":"axe_2","from":[7,12,7.5],"to":[8,13,8.5],"faces":{"north":{"uv":[7,4,8,3],"rotation":180,"texture":"#axe"},"south":{"uv":[7,3,8,4],"texture":"#axe"},"west":{"uv":[7,3,8,4],"texture":"#axe"},"up":{"uv":[8,3,7,4],"rotation":180,"texture":"#axe"}}},{"name":"axe_3","from":[6,10,7.5],"to":[13,12,8.5],"faces":{"north":{"uv":[13,4,6,6],"texture":"#axe"},"east":{"uv":[12,4,13,6],"texture":"#axe"},"south":{"uv":[6,4,13,6],"texture":"#axe"},"west":{"uv":[6,4,7,6],"texture":"#axe"},"up":{"uv":[6,4,13,5],"texture":"#axe"},"down":{"uv":[6,5,13,6],"texture":"#axe"}}},{"name":"axe_4","from":[7,9,7.5],"to":[8,10,8.5],"faces":{"north":{"uv":[7,7,8,6],"rotation":180,"texture":"#axe"},"south":{"uv":[7,6,8,7],"texture":"#axe"},"west":{"uv":[7,6,8,7],"texture":"#axe"},"down":{"uv":[7,6,8,7],"texture":"#axe"}}},{"name":"axe_5","from":[8,8,7.5],"to":[14,10,8.5],"faces":{"north":{"uv":[14,6,8,8],"texture":"#axe"},"east":{"uv":[13,6,14,8],"texture":"#axe"},"south":{"uv":[8,6,14,8],"texture":"#axe"},"west":{"uv":[8,6,9,8],"texture":"#axe"},"up":{"uv":[8,6,14,7],"texture":"#axe"},"down":{"uv":[8,7,14,8],"texture":"#axe"}}},{"name":"axe_6","from":[7,7,7.5],"to":[10,8,8.5],"faces":{"north":{"uv":[10,8,7,9],"texture":"#axe"},"east":{"uv":[9,8,10,9],"texture":"#axe"},"south":{"uv":[7,8,10,9],"texture":"#axe"},"west":{"uv":[7,8,8,9],"texture":"#axe"},"up":{"uv":[7,8,10,9],"texture":"#axe"},"down":{"uv":[7,8,10,9],"texture":"#axe"}}},{"name":"axe_7","from":[11,7,7.5],"to":[13,8,8.5],"faces":{"north":{"uv":[13,8,11,9],"texture":"#axe"},"east":{"uv":[12,8,13,9],"texture":"#axe"},"south":{"uv":[11,8,13,9],"texture":"#axe"},"west":{"uv":[11,8,12,9],"texture":"#axe"},"down":{"uv":[11,8,13,9],"texture":"#axe"}}},{"name":"axe_8","from":[6,6,7.5],"to":[9,7,8.5],"faces":{"north":{"uv":[9,9,6,10],"texture":"#axe"},"east":{"uv":[8,9,9,10],"texture":"#axe"},"south":{"uv":[6,9,9,10],"texture":"#axe"},"west":{"uv":[6,9,7,10],"texture":"#axe"},"up":{"uv":[6,9,9,10],"texture":"#axe"},"down":{"uv":[6,9,9,10],"texture":"#axe"}}},{"name":"axe_9","from":[5,5,7.5],"to":[8,6,8.5],"faces":{"north":{"uv":[8,10,5,11],"texture":"#axe"},"east":{"uv":[7,10,8,11],"texture":"#axe"},"south":{"uv":[5,10,8,11],"texture":"#axe"},"west":{"uv":[5,10,6,11],"texture":"#axe"},"up":{"uv":[5,10,8,11],"texture":"#axe"},"down":{"uv":[5,10,8,11],"texture":"#axe"}}},{"name":"axe_10","from":[4,4,7.5],"to":[7,5,8.5],"faces":{"north":{"uv":[7,11,4,12],"texture":"#axe"},"east":{"uv":[6,11,7,12],"texture":"#axe"},"south":{"uv":[4,11,7,12],"texture":"#axe"},"west":{"uv":[4,11,5,12],"texture":"#axe"},"up":{"uv":[4,11,7,12],"texture":"#axe"},"down":{"uv":[4,11,7,12],"texture":"#axe"}}},{"name":"axe_11","from":[3,3,7.5],"to":[6,4,8.5],"faces":{"north":{"uv":[6,12,3,13],"texture":"#axe"},"east":{"uv":[5,12,6,13],"texture":"#axe"},"south":{"uv":[3,12,6,13],"texture":"#axe"},"west":{"uv":[3,12,4,13],"texture":"#axe"},"up":{"uv":[3,12,6,13],"texture":"#axe"},"down":{"uv":[3,12,6,13],"texture":"#axe"}}},{"name":"axe_12","from":[4,2,7.5],"to":[5,3,8.5],"faces":{"north":{"uv":[4,14,5,13],"rotation":180,"texture":"#axe"},"east":{"uv":[4,13,5,14],"texture":"#axe"},"south":{"uv":[4,13,5,14],"texture":"#axe"},"down":{"uv":[4,13,5,14],"texture":"#axe"}}},{"name":"axe_13","from":[2,1,7.5],"to":[4,3,8.5],"faces":{"north":{"uv":[4,13,2,15],"texture":"#axe"},"east":{"uv":[3,13,4,15],"texture":"#axe"},"south":{"uv":[2,13,4,15],"texture":"#axe"},"west":{"uv":[2,13,3,15],"texture":"#axe"},"up":{"uv":[2,13,4,14],"texture":"#axe"},"down":{"uv":[2,14,4,15],"texture":"#axe"}}}]}