{"data":46,"parent":"item/generated","textures":{"layer0":"item/leather_horse_armor"},"overrides":[{"predicate":{"custom_model_data":1},"model":"modelengine:copper_golem/head"},{"predicate":{"custom_model_data":2},"model":"modelengine:copper_golem/body"},{"predicate":{"custom_model_data":3},"model":"modelengine:copper_golem/arm1"},{"predicate":{"custom_model_data":4},"model":"modelengine:copper_golem/arm2"},{"predicate":{"custom_model_data":5},"model":"modelengine:copper_golem/leg1"},{"predicate":{"custom_model_data":6},"model":"modelengine:copper_golem/leg2"},{"predicate":{"custom_model_data":7},"model":"modelengine:exposed_copper_golem/head"},{"predicate":{"custom_model_data":8},"model":"modelengine:exposed_copper_golem/body"},{"predicate":{"custom_model_data":9},"model":"modelengine:exposed_copper_golem/arm1"},{"predicate":{"custom_model_data":10},"model":"modelengine:exposed_copper_golem/arm2"},{"predicate":{"custom_model_data":11},"model":"modelengine:exposed_copper_golem/leg1"},{"predicate":{"custom_model_data":12},"model":"modelengine:exposed_copper_golem/leg2"},{"predicate":{"custom_model_data":13},"model":"modelengine:gray_enderman/bone8"},{"predicate":{"custom_model_data":14},"model":"modelengine:gray_enderman/bone7"},{"predicate":{"custom_model_data":15},"model":"modelengine:gray_enderman/bone5"},{"predicate":{"custom_model_data":16},"model":"modelengine:gray_enderman/bone10"},{"predicate":{"custom_model_data":17},"model":"modelengine:gray_enderman/bone9"},{"predicate":{"custom_model_data":18},"model":"modelengine:gray_enderman/bone6"},{"predicate":{"custom_model_data":19},"model":"modelengine:gray_enderman/head"},{"predicate":{"custom_model_data":20},"model":"modelengine:gray_enderman/bone4"},{"predicate":{"custom_model_data":21},"model":"modelengine:gray_enderman/bone2"},{"predicate":{"custom_model_data":22},"model":"modelengine:gray_enderman/bone"},{"predicate":{"custom_model_data":23},"model":"modelengine:gray_enderman/bone3"},{"predicate":{"custom_model_data":24},"model":"modelengine:human/leftleg"},{"predicate":{"custom_model_data":25},"model":"modelengine:human/rightleg"},{"predicate":{"custom_model_data":26},"model":"modelengine:human/rightarm"},{"predicate":{"custom_model_data":27},"model":"modelengine:human/body"},{"predicate":{"custom_model_data":28},"model":"modelengine:human/head"},{"predicate":{"custom_model_data":29},"model":"modelengine:human/leftarm"},{"predicate":{"custom_model_data":30},"model":"modelengine:oxidised_copper_golem/head"},{"predicate":{"custom_model_data":31},"model":"modelengine:oxidised_copper_golem/body"},{"predicate":{"custom_model_data":32},"model":"modelengine:oxidised_copper_golem/arm1"},{"predicate":{"custom_model_data":33},"model":"modelengine:oxidised_copper_golem/arm2"},{"predicate":{"custom_model_data":34},"model":"modelengine:oxidised_copper_golem/leg1"},{"predicate":{"custom_model_data":35},"model":"modelengine:oxidised_copper_golem/leg2"},{"predicate":{"custom_model_data":36},"model":"modelengine:weathered_copper_golem/head"},{"predicate":{"custom_model_data":37},"model":"modelengine:weathered_copper_golem/body"},{"predicate":{"custom_model_data":38},"model":"modelengine:weathered_copper_golem/arm1"},{"predicate":{"custom_model_data":39},"model":"modelengine:weathered_copper_golem/arm2"},{"predicate":{"custom_model_data":40},"model":"modelengine:weathered_copper_golem/leg1"},{"predicate":{"custom_model_data":41},"model":"modelengine:weathered_copper_golem/leg2"},{"predicate":{"custom_model_data":42},"model":"modelengine:xd/head"},{"predicate":{"custom_model_data":43},"model":"modelengine:xd/bone"},{"predicate":{"custom_model_data":44},"model":"modelengine:xd/bone2"},{"predicate":{"custom_model_data":45},"model":"modelengine:xd/bone3"},{"predicate":{"custom_model_data":46},"model":"modelengine:xd/bone4"}]}